-- --------------------------------------------------------
-- Host:                         127.0.0.1
-- Versión del servidor:         8.0.30 - MySQL Community Server - GPL
-- SO del servidor:              Win64
-- HeidiSQL Versión:             12.1.0.6537
-- --------------------------------------------------------

/*!40101 SET @OLD_CHARACTER_SET_CLIENT=@@CHARACTER_SET_CLIENT */;
/*!40101 SET NAMES utf8 */;
/*!50503 SET NAMES utf8mb4 */;
/*!40103 SET @OLD_TIME_ZONE=@@TIME_ZONE */;
/*!40103 SET TIME_ZONE='+00:00' */;
/*!40014 SET @OLD_FOREIGN_KEY_CHECKS=@@FOREIGN_KEY_CHECKS, FOREIGN_KEY_CHECKS=0 */;
/*!40101 SET @OLD_SQL_MODE=@@SQL_MODE, SQL_MODE='NO_AUTO_VALUE_ON_ZERO' */;
/*!40111 SET @OLD_SQL_NOTES=@@SQL_NOTES, SQL_NOTES=0 */;


-- Volcando estructura de base de datos para centro-control
CREATE DATABASE IF NOT EXISTS `centro-control` /*!40100 DEFAULT CHARACTER SET utf8mb4 COLLATE utf8mb4_0900_ai_ci */ /*!80016 DEFAULT ENCRYPTION='N' */;
USE `centro-control`;

-- Volcando estructura para tabla centro-control.auditoria
CREATE TABLE IF NOT EXISTS `auditoria` (
  `idauditoria` int NOT NULL AUTO_INCREMENT,
  `fecha` int DEFAULT NULL,
  `hora` int DEFAULT NULL,
  `accion` int DEFAULT NULL,
  `usuario` int DEFAULT NULL,
  PRIMARY KEY (`idauditoria`)
) ENGINE=InnoDB DEFAULT CHARSET=utf8mb4 COLLATE=utf8mb4_0900_ai_ci;

-- Volcando datos para la tabla centro-control.auditoria: ~0 rows (aproximadamente)

-- Volcando estructura para tabla centro-control.bus
CREATE TABLE IF NOT EXISTS `bus` (
  `id_bus` int DEFAULT NULL,
  `vid` varchar(10) DEFAULT NULL,
  `num_externo` varchar(50) DEFAULT NULL,
  `placa` varchar(50) DEFAULT NULL,
  `tamaño` varchar(50) CHARACTER SET utf8mb4 COLLATE utf8mb4_0900_ai_ci DEFAULT NULL,
  `id_tipo` int DEFAULT NULL,
  `id_consorcio` int DEFAULT NULL
) ENGINE=InnoDB DEFAULT CHARSET=utf8mb4 COLLATE=utf8mb4_0900_ai_ci;

-- Volcando datos para la tabla centro-control.bus: ~549 rows (aproximadamente)
INSERT INTO `bus` (`id_bus`, `vid`, `num_externo`, `placa`, `tamaño`, `id_tipo`, `id_consorcio`) VALUES
	(1, '11001', '11010', 'A2F758', '18 METROS', 1, 1),
	(2, '11002', '11002', 'A2R767', '18 METROS', 1, 1),
	(3, '11003', '11001', 'A2F773', '18 METROS', 1, 1),
	(4, '11005', '11007', 'A2I741', '18 METROS', 1, 1),
	(5, '11010', '11009', 'A3C781', '18 METROS', 1, 1),
	(6, '11011', '11008', 'A2G787', '18 METROS', 1, 1),
	(7, '11021', '11014', 'A2F772', '18 METROS', 1, 1),
	(8, '11024', '11003', 'A2J785', '18 METROS', 1, 1),
	(9, '11027', '11011', 'A2J783', '18 METROS', 1, 1),
	(10, '11030', '11004', 'A2L755', '18 METROS', 1, 1),
	(11, '11033', '11012', 'A2L754', '18 METROS', 1, 1),
	(12, '11036', '11013', 'A2O731', '18 METROS', 1, 1),
	(13, '11039', '11006', 'A2J784', '18 METROS', 1, 1),
	(14, '11042', '11015', 'A2P794', '18 METROS', 1, 1),
	(15, '11045', '11005', 'A2J781', '18 METROS', 1, 1),
	(16, '11047', '11016', 'A3C715', '18 METROS', 1, 1),
	(17, '11049', '11022', 'A3C707', '18 METROS', 1, 1),
	(18, '11051', '11017', 'A3C717', '18 METROS', 1, 1),
	(19, '11053', '11023', 'A3C711', '18 METROS', 1, 1),
	(20, '11055', '11020', 'A3C704', '18 METROS', 1, 1),
	(21, '11057', '11018', 'A3C714', '18 METROS', 1, 1),
	(22, '11059', '11021', 'A3C716', '18 METROS', 1, 1),
	(23, '11061', '11025', 'A3C712', '18 METROS', 1, 1),
	(24, '11063', '11019', 'A3B789', '18 METROS', 1, 1),
	(25, '11065', '11024', 'A3B788', '18 METROS', 1, 1),
	(26, '11067', '11029', 'A3Q742', '18 METROS', 1, 1),
	(27, '11068', '11027', 'A3Q738', '18 METROS', 1, 1),
	(28, '11069', '11026', 'A3Q740', '18 METROS', 1, 1),
	(29, '11070', '11030', 'A3Q712', '18 METROS', 1, 1),
	(30, '11071', '11028', 'A3Q759', '18 METROS', 1, 1),
	(31, '11072', '11031', 'A3Q717', '18 METROS', 1, 1),
	(32, '11073', '11032', 'A3Q728', '18 METROS', 1, 1),
	(33, '11074', '11033', 'A3Q736', '18 METROS', 1, 1),
	(34, '11075', '11035', 'A3Q733', '18 METROS', 1, 1),
	(35, '11076', '11034', 'A3Q735', '18 METROS', 1, 1),
	(36, '11077', '11037', 'A3Q716', '18 METROS', 1, 1),
	(37, '11078', '11073', 'A3Q732', '18 METROS', 1, 1),
	(38, '11079', '11036', 'A3Q747', '18 METROS', 1, 1),
	(39, '11080', '11038', 'A3Q730', '18 METROS', 1, 1),
	(40, '11081', '11040', 'A4C791', '18 METROS', 1, 1),
	(41, '11082', '11039', 'A3Q714', '18 METROS', 1, 1),
	(42, '11083', '11047', 'A4C793', '18 METROS', 1, 1),
	(43, '11084', '11043', 'A3Q745', '18 METROS', 1, 1),
	(44, '11085', '11042', 'A3Q715', '18 METROS', 1, 1),
	(45, '11086', '11041', 'A3Q748', '18 METROS', 1, 1),
	(46, '11087', '11044', 'A3Q749', '18 METROS', 1, 1),
	(47, '11088', '11060', ' A4O729', '18 METROS', 1, 1),
	(48, '11089', '11049', 'A3Q739', '18 METROS', 1, 1),
	(49, '11090', '11062', 'A4O728', '18 METROS', 1, 1),
	(50, '11091', '11046', 'A3Q737', '18 METROS', 1, 1),
	(51, '11092', '11055', 'A4O736', '18 METROS', 1, 1),
	(52, '11093', '11045', 'A3Q734', '18 METROS', 1, 1),
	(53, '11094', '11048', 'A3Q713', '18 METROS', 1, 1),
	(54, '11095', '11050', 'A3Q744', '18 METROS', 1, 1),
	(55, '11096', '11054', 'A4N786', '18 METROS', 1, 1),
	(56, '11097', '11053', 'A4N736', '18 METROS', 1, 1),
	(57, '11098', '11072', 'A4N799', '18 METROS', 1, 1),
	(58, '11099', '11057', 'A4N785', '18 METROS', 1, 1),
	(59, '11174', '11071', 'A4R714', '18 METROS', 1, 1),
	(60, '11177', '11051', 'A3Q755', '18 METROS', 1, 1),
	(61, '11178', '11066', 'A4N796', '18 METROS', 1, 1),
	(62, '11179', '11070', 'A3Q746', '18 METROS', 1, 1),
	(63, '11180', '11068', 'A4R713', '18 METROS', 1, 1),
	(64, '11184', '11079', 'A4R716', '18 METROS', 1, 1),
	(65, '11185', '11063', 'A3P757', '18 METROS', 1, 1),
	(66, '11188', '11064', 'A4R718', '18 METROS', 1, 1),
	(67, '11189', '11052', 'A3Q758', '18 METROS', 1, 1),
	(68, '11190', '11061', 'A4R712', '18 METROS', 1, 1),
	(69, '11192', '11069', 'A4R715', '18 METROS', 1, 1),
	(70, '11198', '11067', 'A4N795', '18 METROS', 1, 1),
	(71, '11199', '11058', ' A4N798', '18 METROS', 1, 1),
	(72, '11202', '11065', 'A4O701', '18 METROS', 1, 1),
	(73, '11203', '11056', 'A4N787', '18 METROS', 1, 1),
	(74, '11206', '11074', 'A4O700', '18 METROS', 1, 1),
	(75, '11209', '11075', ' A5B776', '18 METROS', 1, 1),
	(76, '11214', '11078', 'A4R717', '18 METROS', 1, 1),
	(77, '11217', '11077', ' A4R711 ', '18 METROS', 1, 1),
	(78, '11218', '11076', ' A4O702', '18 METROS', 1, 1),
	(79, '21004', '21007', 'A2N723', '18 METROS', 1, 2),
	(80, '21006', '21013', 'A2N765', '18 METROS', 1, 2),
	(81, '21007', '21003', 'A2O740', '18 METROS', 1, 2),
	(82, '21013', '21012', 'A2O741', '18 METROS', 1, 2),
	(83, '21015', '21008', 'A2O738', '18 METROS', 1, 2),
	(84, '21016', '21010', 'A3D705', '18 METROS', 1, 2),
	(85, '21019', '21009', 'A2O733', '18 METROS', 1, 2),
	(86, '21022', '21004', 'A2O732', '18 METROS', 1, 2),
	(87, '21025', '21005', 'A2N763', '18 METROS', 1, 2),
	(88, '21028', '21001', 'A2P793', '18 METROS', 1, 2),
	(89, '21031', '21006', 'A2N753', '18 METROS', 1, 2),
	(90, '21034', '21014', 'A2N754', '18 METROS', 1, 2),
	(91, '21037', '21002', 'A2N755', '18 METROS', 1, 2),
	(92, '21040', '21011', 'A2O735', '18 METROS', 1, 2),
	(93, '21043', '21015', 'A2N721', '18 METROS', 1, 2),
	(94, '21048', '21017', 'A3B793', '18 METROS', 1, 2),
	(95, '21101', '21018', 'A3B777', '18 METROS', 1, 2),
	(96, '21102', '21016', 'A3B778', '18 METROS', 1, 2),
	(97, '21103', '21021', 'A3B785', '18 METROS', 1, 2),
	(98, '21104', '21020', 'A3B795', '18 METROS', 1, 2),
	(99, '21105', '21019', 'A3B781', '18 METROS', 1, 2),
	(100, '21106', '21023', 'A3B794', '18 METROS', 1, 2),
	(101, '21107', '21025', 'A3B776', '18 METROS', 1, 2),
	(102, '21108', '21022', 'A3B796', '18 METROS', 1, 2),
	(103, '21109', '21024', 'A3B790', '18 METROS', 1, 2),
	(104, '21110', '21041', 'A5A753', '18 METROS', 1, 2),
	(105, '21111', '21052', 'A4S751', '18 METROS', 1, 2),
	(106, '21112', '21035', 'A4S752', '18 METROS', 1, 2),
	(107, '21113', '21056', 'A4S746', '18 METROS', 1, 2),
	(108, '21114', '21045', 'A4S732', '18 METROS', 1, 2),
	(109, '21115', '21030', 'A4S790', '18 METROS', 1, 2),
	(110, '21116', '21034', 'A5B780', '18 METROS', 1, 2),
	(111, '21117', '21048', 'A4S761', '18 METROS', 1, 2),
	(112, '21118', '21057', 'A5S755', '18 METROS', 1, 2),
	(113, '21119', '21026', 'A4S748', '18 METROS', 1, 2),
	(114, '21120', '21027', 'A5A754', '18 METROS', 1, 2),
	(115, '21121', '21033', 'A4S784', '18 METROS', 1, 2),
	(116, '21122', '21049', 'A5B781', '18 METROS', 1, 2),
	(117, '21123', '21032', 'A4S785', '18 METROS', 1, 2),
	(118, '21124', '21074', 'A5X727', '18 METROS', 1, 2),
	(119, '21125', '21047', 'A4S783', '18 METROS', 1, 2),
	(120, '21126', '21044', 'A5A758', '18 METROS', 1, 2),
	(121, '21127', '21050', 'A4S786', '18 METROS', 1, 2),
	(122, '21128', '21042', 'A4S763', '18 METROS', 1, 2),
	(123, '21129', '21029', 'A5B778', '18 METROS', 1, 2),
	(124, '21130', '21036', 'A5X731', '18 METROS', 1, 2),
	(125, '21131', '21040', 'A4S762', '18 METROS', 1, 2),
	(126, '21132', '21068', 'A5B779', '18 METROS', 1, 2),
	(127, '21133', '21062', 'A4S759', '18 METROS', 1, 2),
	(128, '21134', '21046', 'A5B782', '18 METROS', 1, 2),
	(129, '21135', '21043', 'A5X732', '18 METROS', 1, 2),
	(130, '21136', '21063', 'A5X736', '18 METROS', 1, 2),
	(131, '21137', '21070', 'A4S749', '18 METROS', 1, 2),
	(132, '21138', '21031', 'A5V743', '18 METROS', 1, 2),
	(133, '21139', '21038', 'A4S750', '18 METROS', 1, 2),
	(134, '21140', '21069', 'A5U721', '18 METROS', 1, 2),
	(135, '21141', '21060', 'A6E725', '18 METROS', 1, 2),
	(136, '21142', '21028', 'A5V720', '18 METROS', 1, 2),
	(137, '21143', '21037', 'A6E724', '18 METROS', 1, 2),
	(138, '21144', '21071', 'A6J708', '18 METROS', 1, 2),
	(139, '21145', '21039', 'A5W708', '18 METROS', 1, 2),
	(140, '21146', '21067', 'A5V754', '18 METROS', 1, 2),
	(141, '21147', '21076', 'A5V736', '18 METROS', 1, 2),
	(142, '21148', '21064', 'A5W707', '18 METROS', 1, 2),
	(143, '21149', '21079', 'A5X728', '18 METROS', 1, 2),
	(144, '21150', '21054', 'A5R710', '18 METROS', 1, 2),
	(145, '21151', '21072', 'A5S725', '18 METROS', 1, 2),
	(146, '21152', '21059', 'A5X726', '18 METROS', 1, 2),
	(147, '21154', '21051', 'A5R711', '18 METROS', 1, 2),
	(148, '21155', '21058', 'A4R767', '18 METROS', 1, 2),
	(149, '21156', '21075', 'A5R766', '18 METROS', 1, 2),
	(150, '21157', '21065', 'A5U723', '18 METROS', 1, 2),
	(151, '21158', '21053', 'A5V755', '18 METROS', 1, 2),
	(152, '21159', '21078', 'A5V799', '18 METROS', 1, 2),
	(153, '21160', '21066', 'A6G729', '18 METROS', 1, 2),
	(154, '21161', '21077', 'A5S766', '18 METROS', 1, 2),
	(155, '21162', '21061', 'A6G731', '18 METROS', 1, 2),
	(156, '21164', '21073', 'A5S702', '18 METROS', 1, 2),
	(157, '31001', 'T001', 'A3A714', '18 METROS', 1, 3),
	(158, '31002', 'T002', 'A2Z799', '18 METROS', 1, 3),
	(159, '31003', 'T003', 'A3A724', '18 METROS', 1, 3),
	(160, '31004', 'T004', 'A3A747', '18 METROS', 1, 3),
	(161, '31005', 'T005', 'A3A767', '18 METROS', 1, 3),
	(162, '31006', 'T006', 'A3A759', '18 METROS', 1, 3),
	(163, '31007', 'T007', 'A3A712', '18 METROS', 1, 3),
	(164, '31008', 'T008', 'A3A769', '18 METROS', 1, 3),
	(165, '31009', 'T009', 'A3A715', '18 METROS', 1, 3),
	(166, '31010', 'T010', 'A3A768', '18 METROS', 1, 3),
	(167, '31011', 'T011', 'A2O785', '18 METROS', 1, 3),
	(168, '31012', 'T012', 'A3A700', '18 METROS', 1, 3),
	(169, '31013', 'T013', 'A3A732', '18 METROS', 1, 3),
	(170, '31014', 'T014', 'A3A716', '18 METROS', 1, 3),
	(171, '31015', 'T015', 'A2N749', '18 METROS', 1, 3),
	(172, '31016', 'T016', 'A2N747', '18 METROS', 1, 3),
	(173, '31017', 'T017', 'A2N744', '18 METROS', 1, 3),
	(174, '31018', 'T018', 'A3A751', '18 METROS', 1, 3),
	(175, '31019', 'T019', 'A3A758', '18 METROS', 1, 3),
	(176, '31020', 'T020', 'A3A761', '18 METROS', 1, 3),
	(177, '31021', 'T021', 'A3A791', '18 METROS', 1, 3),
	(178, '31022', 'T022', 'A3A721', '18 METROS', 1, 3),
	(179, '31023', 'T023', 'A2O788', '18 METROS', 1, 3),
	(180, '31024', 'T024', 'A2O786', '18 METROS', 1, 3),
	(181, '31025', 'T025', 'A3A788', '18 METROS', 1, 3),
	(182, '31026', 'T026', 'A3A719', '18 METROS', 1, 3),
	(183, '31027', 'T027', 'A2O787', '18 METROS', 1, 3),
	(184, '31028', 'T028', 'A3A766', '18 METROS', 1, 3),
	(185, '31029', 'T029', 'A3A762', '18 METROS', 1, 3),
	(186, '31030', 'T030', 'A3A771', '18 METROS', 1, 3),
	(187, '31031', 'T031', 'A3A772', '18 METROS', 1, 3),
	(188, '31032', 'T032', 'A3A781', '18 METROS', 1, 3),
	(189, '31033', 'T033', 'A2X726', '18 METROS', 1, 3),
	(190, '31034', 'T034', 'A2X725', '18 METROS', 1, 3),
	(191, '31035', 'T035', 'A3A770', '18 METROS', 1, 3),
	(192, '31036', 'T036', 'A3A792', '18 METROS', 1, 3),
	(193, '31037', 'T037', 'A2N746', '18 METROS', 1, 3),
	(194, '31038', 'T038', 'A3A729', '18 METROS', 1, 3),
	(195, '31039', 'T039', 'A3A718', '18 METROS', 1, 3),
	(196, '31040', 'T040', 'A3A726', '18 METROS', 1, 3),
	(197, '31041', 'T041', 'A2O784', '18 METROS', 1, 3),
	(198, '31042', 'T042', 'A3A750', '18 METROS', 1, 3),
	(199, '31043', 'T043', 'A3A722', '18 METROS', 1, 3),
	(200, '31044', 'T044', 'A3L732', '18 METROS', 1, 3),
	(201, '31045', 'T045', 'A3A789', '18 METROS', 1, 3),
	(202, '31046', 'T046', 'A3A752', '18 METROS', 1, 3),
	(203, '31047', 'T047', 'A3A755', '18 METROS', 1, 3),
	(204, '31048', 'T048', 'A3L740', '18 METROS', 1, 3),
	(205, '31049', 'T049', 'A2N743', '18 METROS', 1, 3),
	(206, '31050', 'T050', 'A3A790', '18 METROS', 1, 3),
	(207, '31051', 'T051', 'A2O783', '18 METROS', 1, 3),
	(208, '31052', 'T052', 'A3A723', '18 METROS', 1, 3),
	(209, '31053', 'T053', 'A2N745', '18 METROS', 1, 3),
	(210, '31054', 'T054', 'A3L730', '18 METROS', 1, 3),
	(211, '31055', 'T055', 'A3A753', '18 METROS', 1, 3),
	(212, '31056', 'T056', 'A3A731', '18 METROS', 1, 3),
	(213, '31057', 'T057', 'A2N741', '18 METROS', 1, 3),
	(214, '31058', 'T058', 'A3A748', '18 METROS', 1, 3),
	(215, '31059', 'T059', 'A3A720', '18 METROS', 1, 3),
	(216, '31060', 'T060', 'A3A765', '18 METROS', 1, 3),
	(217, '31061', 'T061', 'A3L733', '18 METROS', 1, 3),
	(218, '31062', 'T062', 'A2Z798', '18 METROS', 1, 3),
	(219, '31063', 'T063', 'A3A780', '18 METROS', 1, 3),
	(220, '31064', 'T064', 'A2N748', '18 METROS', 1, 3),
	(221, '31065', 'T065', 'A2X723', '18 METROS', 1, 3),
	(222, '31066', 'T066', 'A3A754', '18 METROS', 1, 3),
	(223, '31067', 'T067', 'A3A744', '18 METROS', 1, 3),
	(224, '31068', 'T068', 'A3A733', '18 METROS', 1, 3),
	(225, '31069', 'T069', 'A2N740', '18 METROS', 1, 3),
	(226, '31070', 'T070', 'A3A749', '18 METROS', 1, 3),
	(227, '31071', 'T071', 'A3A779', '18 METROS', 1, 3),
	(228, '31072', 'T072', 'A3A773', '18 METROS', 1, 3),
	(229, '31073', 'T073', 'A2X712', '18 METROS', 1, 3),
	(230, '31074', 'T074', 'A3A702', '18 METROS', 1, 3),
	(231, '31075', 'T075', 'A3A725', '18 METROS', 1, 3),
	(232, '31076', 'T076', 'A3A736', '18 METROS', 1, 3),
	(233, '31077', 'T077', 'A2N742', '18 METROS', 1, 3),
	(234, '31078', 'T078', 'A3G765', '18 METROS', 1, 3),
	(235, '41001', '41001', 'A5U725', '18 METROS', 1, 4),
	(236, '41002', '41002', 'A4R761', '18 METROS', 1, 4),
	(237, '41003', '41003', 'A4P700', '18 METROS', 1, 4),
	(238, '41004', '41004', 'A4P701', '18 METROS', 1, 4),
	(239, '41005', '41005', 'A4R757', '18 METROS', 1, 4),
	(240, '41006', '41006', 'A4P703', '18 METROS', 1, 4),
	(241, '41007', '41007', 'A4O797', '18 METROS', 1, 4),
	(242, '41008', '41008', 'A2N707', '18 METROS', 1, 4),
	(243, '41009', '41009', 'A2K796', '18 METROS', 1, 4),
	(244, '41010', '41010', 'A4R759', '18 METROS', 1, 4),
	(245, '41011', '41011', 'A4R767', '18 METROS', 1, 4),
	(246, '41012', '41012', 'A2N709', '18 METROS', 1, 4),
	(247, '41013', '41013', 'A4R758', '18 METROS', 1, 4),
	(248, '41014', '41014', 'A2L705', '18 METROS', 1, 4),
	(249, '41015', '41015', 'A4R768', '18 METROS', 1, 4),
	(250, '41016', '41016', 'A4O799', '18 METROS', 1, 4),
	(251, '41017', '41017', 'A2N738', '18 METROS', 1, 4),
	(252, '41018', '41018', 'A2K755', '18 METROS', 1, 4),
	(253, '41019', '41019', 'A4P705', '18 METROS', 1, 4),
	(254, '41020', '41020', 'A2K747', '18 METROS', 1, 4),
	(255, '41021', '41021', 'A4P717', '18 METROS', 1, 4),
	(256, '41022', '41022', 'A3O795', '18 METROS', 1, 4),
	(257, '41023', '41023', 'A2K797', '18 METROS', 1, 4),
	(258, '41024', '41024', 'A4P718', '18 METROS', 1, 4),
	(259, '41025', '41025', 'A4P719', '18 METROS', 1, 4),
	(260, '41026', '41026', 'A2N737', '18 METROS', 1, 4),
	(261, '41027', '41027', 'A4R776', '18 METROS', 1, 4),
	(262, '41028', '41028', 'A4Q794', '18 METROS', 1, 4),
	(263, '41029', '41029', 'A2L711', '18 METROS', 1, 4),
	(264, '41030', '41030', 'A4R796', '18 METROS', 1, 4),
	(265, '41031', '41031', 'A4R775', '18 METROS', 1, 4),
	(266, '41032', '41032', 'A2N722', '18 METROS', 1, 4),
	(267, '41033', '41033', 'A4R774', '18 METROS', 1, 4),
	(268, '41034', '41034', 'A4R771', '18 METROS', 1, 4),
	(269, '41035', '41035', 'A2O726', '18 METROS', 1, 4),
	(270, '41036', '41036', 'A4R772', '18 METROS', 1, 4),
	(271, '41037', '41037', 'A4O798', '18 METROS', 1, 4),
	(272, '41038', '41038', 'A2N724', '18 METROS', 1, 4),
	(273, '41039', '41039', 'A4R773', '18 METROS', 1, 4),
	(274, '41040', '41040', 'A4P731', '18 METROS', 1, 4),
	(275, '41041', '41041', 'A2O729', '18 METROS', 1, 4),
	(276, '41042', '41042', 'A4P750', '18 METROS', 1, 4),
	(277, '41043', '41043', 'A4P733', '18 METROS', 1, 4),
	(278, '41044', '41044', 'A2O728', '18 METROS', 1, 4),
	(279, '41045', '41045', 'A4P734', '18 METROS', 1, 4),
	(280, '41046', '41046', 'A3H760', '18 METROS', 1, 4),
	(281, '41047', '41047', 'A4R770', '18 METROS', 1, 4),
	(282, '41048', '41048', 'A4P770', '18 METROS', 1, 4),
	(283, '41049', '41049', 'A4P771', '18 METROS', 1, 4),
	(284, '41050', '41050', 'A3H755', '18 METROS', 1, 4),
	(285, '41051', '41051', 'A4R769', '18 METROS', 1, 4),
	(286, '41052', '41052', 'A3I741', '18 METROS', 1, 4),
	(287, '41053', '41053', 'A4P772', '18 METROS', 1, 4),
	(288, '41054', '41054', 'A3I703', '18 METROS', 1, 4),
	(289, '41055', '41055', 'A4P773', '18 METROS', 1, 4),
	(290, '41056', '41056', 'A3I740', '18 METROS', 1, 4),
	(291, '41057', '41057', 'A5O761', '18 METROS', 1, 4),
	(292, '41058', '41058', 'A3I742', '18 METROS', 1, 4),
	(293, '41059', '41059', 'A5P749', '18 METROS', 1, 4),
	(294, '41060', '41060', 'A3H764', '18 METROS', 1, 4),
	(295, '41061', '41061', 'A5O764', '18 METROS', 1, 4),
	(296, '41062', '41062', 'A3I710', '18 METROS', 1, 4),
	(297, '41063', '41063', 'A5O748', '18 METROS', 1, 4),
	(298, '41064', '41064', 'A3I705', '18 METROS', 1, 4),
	(299, '41065', '41065', 'A5O750', '18 METROS', 1, 4),
	(300, '41066', '41066', 'A3H757', '18 METROS', 1, 4),
	(301, '41067', '41067', 'A5V735', '18 METROS', 1, 4),
	(302, '41068', '41068', 'A4P769', '18 METROS', 1, 4),
	(303, '41069', '41069', 'A5V710', '18 METROS', 1, 4),
	(304, '21080', '21080', 'A6G733', '18 METROS', 1, 4),
	(305, '21081', '21081', 'A6G730', '18 METROS', 1, 4),
	(306, '21082', '21082', 'A5V742', '18 METROS', 1, 4),
	(307, '41070', '41070', 'A4Y773', '18 METROS', 1, 4),
	(308, '41071', '41071', 'A5U724', '18 METROS', 1, 4),
	(309, '41072', '41072', 'A4P744', '18 METROS', 1, 4),
	(310, '41073', '41073', 'A5V708', '18 METROS', 1, 4),
	(311, '41074', '41074', 'A4P745', '18 METROS', 1, 4),
	(312, '41075', '41075', 'A6D740', '18 METROS', 1, 4),
	(313, '41076', '41076', 'A4P743', '18 METROS', 1, 4),
	(314, '41077', '41077', 'A5V738', '18 METROS', 1, 4),
	(315, '41078', '41078', 'A4O776', '18 METROS', 1, 4),
	(316, '41079', '41079', 'A7Z700', '18 METROS', 1, 4),
	(317, '41080', '41080', 'A4R762', '18 METROS', 1, 4),
	(318, '12005', '12021', 'A2A754', '12 METROS', 2, 1),
	(319, '12006', '12020', 'A2E772', '12 METROS', 2, 1),
	(320, '12007', '12035', 'A2E773', '12 METROS', 2, 1),
	(321, '12008', '12036', 'A2A752', '12 METROS', 2, 1),
	(322, '12009', '12023', 'A2C745', '12 METROS', 2, 1),
	(323, '12010', '12033', 'A2B771', '12 METROS', 2, 1),
	(324, '12023', '12022', 'A2A703', '12 METROS', 2, 1),
	(325, '12024', '12037', 'A2A760', '12 METROS', 2, 1),
	(326, '12025', '12009', 'A2A759', '12 METROS', 2, 1),
	(327, '12026', '12001', 'A2A763', '12 METROS', 2, 1),
	(328, '12027', '12014', 'A2A758', '12 METROS', 2, 1),
	(329, '12031', '12016', 'A2C702', '12 METROS', 2, 1),
	(330, '12033', '12013', 'A2C743', '12 METROS', 2, 1),
	(331, '12035', '12008', 'A2C737', '12 METROS', 2, 1),
	(332, '12036', '12005', 'A2C742', '12 METROS', 2, 1),
	(333, '12037', '12007', 'A2C715', '12 METROS', 2, 1),
	(334, '12038', '12026', 'A2C736', '12 METROS', 2, 1),
	(335, '12039', '12003', 'A2A753', '12 METROS', 2, 1),
	(336, '12040', '12025', 'A2A755', '12 METROS', 2, 1),
	(337, '12041', '12024', 'A2A756', '12 METROS', 2, 1),
	(338, '12042', '12027', 'A2A715', '12 METROS', 2, 1),
	(339, '12043', '12030', 'A2B773', '12 METROS', 2, 1),
	(340, '12044', '12034', 'A2B772', '12 METROS', 2, 1),
	(341, '12045', '12011', 'A2B774', '12 METROS', 2, 1),
	(342, '12046', '12006', 'A2C739', '12 METROS', 2, 1),
	(343, '12047', '12010', 'A2A765', '12 METROS', 2, 1),
	(344, '12048', '12018', 'A2C746', '12 METROS', 2, 1),
	(345, '12049', '12017', 'A2C741', '12 METROS', 2, 1),
	(346, '12050', '12015', 'A2A705', '12 METROS', 2, 1),
	(347, '12052', '12004', 'A2A704', '12 METROS', 2, 1),
	(348, '12053', '12028', 'A2A706', '12 METROS', 2, 1),
	(349, '12055', '12032', 'A2A764', '12 METROS', 2, 1),
	(350, '12056', '12029', 'A2A762', '12 METROS', 2, 1),
	(351, '12057', '12019', 'A2C756', '12 METROS', 2, 1),
	(352, '12058', '12031', 'A2C701', '12 METROS', 2, 1),
	(353, '12059', '12012', 'A2C752', '12 METROS', 2, 1),
	(354, '12060', '12002', 'A2C716', '12 METROS', 2, 1),
	(355, '12181', '12039', 'A5V724', '12 METROS', 2, 1),
	(356, '12182', '12041', 'A5V726', '12 METROS', 2, 1),
	(357, '12183', '12040', 'A5V725', '12 METROS', 2, 1),
	(358, '22002', '22050', 'A5S770', '12 METROS', 2, 2),
	(359, '22011', '22003', 'A5S767', '12 METROS', 2, 2),
	(360, '22012', '22029', 'A5S768', '12 METROS', 2, 2),
	(361, '22015', '22002', 'A5S771', '12 METROS', 2, 2),
	(362, '22016', '22004', 'A5R798', '12 METROS', 2, 2),
	(363, '22019', '22008', 'A5R762', '12 METROS', 2, 2),
	(364, '22028', '22036', 'A5R759', '12 METROS', 2, 2),
	(365, '22029', '22012', 'A5R768', '12 METROS', 2, 2),
	(366, '22034', '22021', 'A5R761', '12 METROS', 2, 2),
	(367, '22062', '22040', 'A6C786', '12 METROS', 2, 2),
	(368, '22066', '22001', 'A2O734', '12 METROS', 2, 2),
	(369, '22067', '22028', 'A6C788', '12 METROS', 2, 2),
	(370, '22071', '22007', 'A5R787', '12 METROS', 2, 2),
	(371, '22075', '22005', 'A6C789', '12 METROS', 2, 2),
	(372, '22078', '22020', 'A5S705', '12 METROS', 2, 2),
	(373, '22082', '22016', 'A6G734', '12 METROS', 2, 2),
	(374, '22086', '22025', 'A5R797', '12 METROS', 2, 2),
	(375, '22087', '22018', 'A5R777', '12 METROS', 2, 2),
	(376, '22091', '22019', 'A6C791', '12 METROS', 2, 2),
	(377, '22094', '22014', 'A5S707', '12 METROS', 2, 2),
	(378, '22095', '22013', 'A5S703', '12 METROS', 2, 2),
	(379, '22098', '22042', 'A6C762', '12 METROS', 2, 2),
	(380, '22099', '22031', 'A6C764', '12 METROS', 2, 2),
	(381, '22103', '22024', 'A5S708', '12 METROS', 2, 2),
	(382, '22104', '22026', 'A6C760', '12 METROS', 2, 2),
	(383, '22107', '22030', 'A6C761', '12 METROS', 2, 2),
	(384, '22108', '22017', 'A6C763', '12 METROS', 2, 2),
	(385, '22111', '22009', 'A5R758', '12 METROS', 2, 2),
	(386, '22112', '22010', 'A5R793', '12 METROS', 2, 2),
	(387, '22119', '22011', 'A5S726', '12 METROS', 2, 2),
	(388, '22120', '22034', 'A5R791', '12 METROS', 2, 2),
	(389, '22123', '22032', 'A5R799', '12 METROS', 2, 2),
	(390, '22124', '22023', 'A5S723', '12 METROS', 2, 2),
	(391, '22127', '22015', 'A5R792', '12 METROS', 2, 2),
	(392, '22128', '22039', 'A5W737', '12 METROS', 2, 2),
	(393, '22132', '22037', 'A5R779', '12 METROS', 2, 2),
	(394, '22185', '22033', 'A5V756', '12 METROS', 2, 2),
	(395, '22186', '22035', 'A6A798', '12 METROS', 2, 2),
	(396, '22187', '22038', 'A5V758', '12 METROS', 2, 2),
	(397, '22190', '22055', 'A5V757', '12 METROS', 2, 2),
	(398, '32001', 'A001', 'A2X748', '12 METROS', 2, 3),
	(399, '32002', 'A002', 'A2X745', '12 METROS', 2, 3),
	(400, '32003', 'A003', 'A3E755', '12 METROS', 2, 3),
	(401, '32004', 'A004', 'A2X716', '12 METROS', 2, 3),
	(402, '32005', 'A005', 'A2X757', '12 METROS', 2, 3),
	(403, '32006', 'A006', 'A2X749', '12 METROS', 2, 3),
	(404, '32007', 'A007', 'A2X715', '12 METROS', 2, 3),
	(405, '32008', 'A008', 'A2X746', '12 METROS', 2, 3),
	(406, '32009', 'A009', 'A4F749', '12 METROS', 2, 3),
	(407, '32010', 'A010', 'A3E752', '12 METROS', 2, 3),
	(408, '32011', 'A011', 'A3E753', '12 METROS', 2, 3),
	(409, '32012', 'A012', 'A2X733', '12 METROS', 2, 3),
	(410, '32013', 'A013', 'A2X747', '12 METROS', 2, 3),
	(411, '32014', 'A014', 'A3L729', '12 METROS', 2, 3),
	(412, '32015', 'A015', 'A2X756', '12 METROS', 2, 3),
	(413, '32016', 'A016', 'A3L728', '12 METROS', 2, 3),
	(414, '32017', 'A017', 'A3E756', '12 METROS', 2, 3),
	(415, '32018', 'A018', 'A3F720', '12 METROS', 2, 3),
	(416, '32019', 'A019', 'A2X732', '12 METROS', 2, 3),
	(417, '32020', 'A020', 'A3E771', '12 METROS', 2, 3),
	(418, '32021', 'A021', 'A2Z739', '09 METROS', 2, 3),
	(419, '32022', 'A022', 'A3A704', '09 METROS', 2, 3),
	(420, '32023', 'A023', 'A2Z773', '09 METROS', 2, 3),
	(421, '32024', 'A024', 'A2Z740', '09 METROS', 2, 3),
	(422, '32025', 'A025', 'A3E751', '09 METROS', 2, 3),
	(423, '32026', 'A026', 'A3L738', '09 METROS', 2, 3),
	(424, '32027', 'A027', 'A2Z742', '09 METROS', 2, 3),
	(425, '32028', 'A028', 'A2Z733', '09 METROS', 2, 3),
	(426, '32029', 'A029', 'A2Z756', '09 METROS', 2, 3),
	(427, '32030', 'A030', 'A3G778', '09 METROS', 2, 3),
	(428, '32031', 'A031', 'A3A705', '09 METROS', 2, 3),
	(429, '32032', 'A032', 'A3E796', '09 METROS', 2, 3),
	(430, '32033', 'A033', 'A3A706', '09 METROS', 2, 3),
	(431, '32034', 'A034', 'A2Z755', '09 METROS', 2, 3),
	(432, '32035', 'A035', 'A2Z738', '09 METROS', 2, 3),
	(433, '32036', 'A036', 'A3A708', '09 METROS', 2, 3),
	(434, '32037', 'A037', 'A2Z757', '09 METROS', 2, 3),
	(435, '32038', 'A038', 'A2Z737', '09 METROS', 2, 3),
	(436, '32039', 'A039', 'A3G772', '09 METROS', 2, 3),
	(437, '32040', 'A040', 'A2Z745', '09 METROS', 2, 3),
	(438, '32041', 'A041', 'A3G764', '09 METROS', 2, 3),
	(439, '32042', 'A042', 'A3G754', '09 METROS', 2, 3),
	(440, '32043', 'A043', 'A2Z758', '09 METROS', 2, 3),
	(441, '32044', 'A044', 'A2Z753', '09 METROS', 2, 3),
	(442, '32045', 'A045', 'A3A709', '09 METROS', 2, 3),
	(443, '32046', 'A046', 'A2Z744', '09 METROS', 2, 3),
	(444, '32047', 'A047', 'A2Z736', '09 METROS', 2, 3),
	(445, '32048', 'A048', 'A2Z771', '09 METROS', 2, 3),
	(446, '32049', 'A049', 'A2Z750', '09 METROS', 2, 3),
	(447, '32050', 'A050', 'A3G779', '09 METROS', 2, 3),
	(448, '32051', 'A051', 'A3B792', '09 METROS', 2, 3),
	(449, '32052', 'A052', 'A2X730', '09 METROS', 2, 3),
	(450, '32053', 'A053', 'A3G777', '09 METROS', 2, 3),
	(451, '32054', 'A054', 'A2Z751', '09 METROS', 2, 3),
	(452, '32055', 'A055', 'A2Z752', '09 METROS', 2, 3),
	(453, '32056', 'A056', 'A3G766', '09 METROS', 2, 3),
	(454, '32057', 'A057', 'A3A710', '09 METROS', 2, 3),
	(455, '32058', 'A058', 'A2Z730', '09 METROS', 2, 3),
	(456, '32059', 'A059', 'A2Z731', '09 METROS', 2, 3),
	(457, '32060', 'A060', 'A3G776', '09 METROS', 2, 3),
	(458, '32061', 'A061', 'A2Z746', '09 METROS', 2, 3),
	(459, '32062', 'A062', 'A2Z754', '09 METROS', 2, 3),
	(460, '32063', 'A063', 'A3G763', '09 METROS', 2, 3),
	(461, '32064', 'A064', 'A3E718', '09 METROS', 2, 3),
	(462, '32065', 'A065', 'A4I798', '09 METROS', 2, 3),
	(463, '32066', 'A066', 'A3A754', '09 METROS', 2, 3),
	(464, '32067', 'A067', 'A3A707', '09 METROS', 2, 3),
	(465, '32068', 'A068', 'A2Z774', '09 METROS', 2, 3),
	(466, '32069', 'A069', 'A3A749', '09 METROS', 2, 3),
	(467, '32070', 'A070', 'A3E757', '09 METROS', 2, 3),
	(468, '32071', 'A071', 'A4F715', '09 METROS', 2, 3),
	(469, '32072', 'A072', 'A3A738', '09 METROS', 2, 3),
	(470, '32073', 'A073', 'A3A739', '09 METROS', 2, 3),
	(471, '32074', 'A074', 'A3L739', '09 METROS', 2, 3),
	(472, '32075', 'A075', 'A3E759', '09 METROS', 2, 3),
	(473, '32076', 'A076', 'A3E760', '09 METROS', 2, 3),
	(474, '42001', '42001', 'AB4721', '12 METROS', 2, 4),
	(475, '42002', '42002', 'A4A776', '12 METROS', 2, 4),
	(476, '42003', '42003', 'A4A747', '12 METROS', 2, 4),
	(477, '42004', '42004', 'A4U782', '12 METROS', 2, 4),
	(478, '42005', '42005', 'A4F785', '12 METROS', 2, 4),
	(479, '42006', '42006', 'A4S787', '12 METROS', 2, 4),
	(480, '42007', '42007', 'A4B725', '12 METROS', 2, 4),
	(481, '42008', '42008', 'A4A749', '12 METROS', 2, 4),
	(482, '42009', '42009', 'A4A768', '12 METROS', 2, 4),
	(483, '42010', '42010', 'A4B727', '12 METROS', 2, 4),
	(484, '42011', '42011', 'A4C781', '12 METROS', 2, 4),
	(485, '42012', '42012', 'A4C717', '12 METROS', 2, 4),
	(486, '42013', '42013', 'A4B722', '12 METROS', 2, 4),
	(487, '42014', '42014', 'A4B729', '12 METROS', 2, 4),
	(488, '42015', '42015', 'A4B726', '12 METROS', 2, 4),
	(489, '42016', '42016', 'A4B723', '12 METROS', 2, 4),
	(490, '42017', '42017', 'A4B711', '12 METROS', 2, 4),
	(491, '42018', '42018', 'A4S781', '12 METROS', 2, 4),
	(492, '42019', '42019', 'A4B724', '12 METROS', 2, 4),
	(493, '42020', '42020', 'A2L712', '12 METROS', 2, 4),
	(494, '42021', '42021', 'A4A782', '12 METROS', 2, 4),
	(495, '42022', '42022', 'A4A788', '12 METROS', 2, 4),
	(496, '42023', '42023', 'A4A748', '12 METROS', 2, 4),
	(497, '42024', '42024', 'A4B734', '12 METROS', 2, 4),
	(498, '42025', '42025', 'A4A779', '12 METROS', 2, 4),
	(499, '42026', '42026', 'A4A778', '12 METROS', 2, 4),
	(500, '42027', '42027', 'A4B733', '12 METROS', 2, 4),
	(501, '42028', '42028', 'A4A787', '12 METROS', 2, 4),
	(502, '42029', '42029', 'A4C776', '12 METROS', 2, 4),
	(503, '42030', '42030', 'A4C718', '12 METROS', 2, 4),
	(504, '42031', '42031', 'A4C743', '12 METROS', 2, 4),
	(505, '42032', '42032', 'A4A796', '12 METROS', 2, 4),
	(506, '42033', '42033', 'A4A750', '12 METROS', 2, 4),
	(507, '42034', '42034', 'A4A777', '12 METROS', 2, 4),
	(508, '42035', '42035', 'A4B713', '12 METROS', 2, 4),
	(509, '42036', '42036', 'A4C714', '12 METROS', 2, 4),
	(510, '42037', '42037', 'A4A786', '12 METROS', 2, 4),
	(511, '42038', '42038', 'A4C715', '12 METROS', 2, 4),
	(512, '42039', '42039', 'A4D727', '12 METROS', 2, 4),
	(513, '42040', '42040', 'A4C775', '12 METROS', 2, 4),
	(514, '42041', '42041', 'A4D726', '12 METROS', 2, 4),
	(515, '42042', '42042', 'A4C774', '12 METROS', 2, 4),
	(516, '42043', '42043', 'A4C782', '12 METROS', 2, 4),
	(517, '42044', '42044', 'A4D736', '12 METROS', 2, 4),
	(518, '42045', '42045', 'A4C796', '12 METROS', 2, 4),
	(519, '42046', '42046', 'A4I743', '12 METROS', 2, 4),
	(520, '42047', '42047', 'A6H723', '12 METROS', 2, 4),
	(521, '42048', '42048', 'A4C773', '12 METROS', 2, 4),
	(522, '42049', '42049', 'A4C770', '12 METROS', 2, 4),
	(523, '42050', '42050', 'A4A785', '12 METROS', 2, 4),
	(524, '42051', '42051', 'A4A793', '12 METROS', 2, 4),
	(525, '42052', '42052', 'A4B712', '12 METROS', 2, 4),
	(526, '42053', '42053', 'A4S782', '12 METROS', 2, 4),
	(527, '42054', '42054', 'A4A798', '12 METROS', 2, 4),
	(528, '42055', '42055', 'A4A789', '12 METROS', 2, 4),
	(529, '42056', '42056', 'A4I740', '12 METROS', 2, 4),
	(530, '42057', '42057', 'A4I746', '12 METROS', 2, 4),
	(531, '42058', '42058', 'A4C741', '12 METROS', 2, 4),
	(532, '42059', '42059', 'A4A790', '12 METROS', 2, 4),
	(533, '42060', '42060', 'A4C784', '12 METROS', 2, 4),
	(534, '42061', '42061', 'A4A791', '12 METROS', 2, 4),
	(535, '42062', '42062', 'A4B728', '12 METROS', 2, 4),
	(536, '42063', '42063', 'A4C744', '12 METROS', 2, 4),
	(537, '42064', '42064', 'A4C740', '12 METROS', 2, 4),
	(538, '42065', '42065', 'A4C742', '12 METROS', 2, 4),
	(539, '42066', '42066', 'A4C778', '12 METROS', 2, 4),
	(540, '42067', '42067', 'A4C745', '12 METROS', 2, 4),
	(541, '42068', '42068', 'A4C747', '12 METROS', 2, 4),
	(542, '42073', '42073', 'A5V715', '12 METROS', 2, 4),
	(543, '42074', '42074', 'A5V711', '12 METROS', 2, 4),
	(544, '42075', '42075', 'A5V709', '12 METROS', 2, 4),
	(545, '42076', '42076', 'A5V716', '12 METROS', 2, 4),
	(546, '42077', '42077', 'A5V712', '12 METROS', 2, 4),
	(547, '42078', '42078', 'A6D741', '12 METROS', 2, 4),
	(548, '42079', '42079', 'A5Z706', '12 METROS', 2, 4),
	(549, '42080', '42080', 'A6E723', '12 METROS', 2, 4);

-- Volcando estructura para tabla centro-control.categoria
CREATE TABLE IF NOT EXISTS `categoria` (
  `id_categoria` int NOT NULL AUTO_INCREMENT,
  `categoria` varchar(50) DEFAULT NULL,
  PRIMARY KEY (`id_categoria`)
) ENGINE=InnoDB DEFAULT CHARSET=utf8mb4 COLLATE=utf8mb4_0900_ai_ci;

-- Volcando datos para la tabla centro-control.categoria: ~6 rows (aproximadamente)
INSERT INTO `categoria` (`id_categoria`, `categoria`) VALUES
	(1, 'TRONCAL'),
	(2, 'ALIMENTADOR'),
	(3, 'SEGURIDAD'),
	(4, 'VEHICULOS PARTICULAR'),
	(5, 'INFRAESTRUCTURA COSAC'),
	(6, 'OTROS');

-- Volcando estructura para tabla centro-control.causa
CREATE TABLE IF NOT EXISTS `causa` (
  `idcausa` int NOT NULL AUTO_INCREMENT,
  `causa` varchar(50) DEFAULT NULL,
  `sub_categoria` int DEFAULT NULL,
  PRIMARY KEY (`idcausa`)
) ENGINE=InnoDB DEFAULT CHARSET=utf8mb4 COLLATE=utf8mb4_0900_ai_ci;

-- Volcando datos para la tabla centro-control.causa: ~115 rows (aproximadamente)
INSERT INTO `causa` (`idcausa`, `causa`, `sub_categoria`) VALUES
	(1, 'FALLA MECÁNICA', 1),
	(2, 'FALLA ELÉCTRICA', 1),
	(3, 'FALTA DE GAS', 1),
	(4, 'FALLA DE PUERTAS', 1),
	(5, 'NEUMÁTICO DESINFLADO', 1),
	(6, 'CARDAN ROTO', 1),
	(7, 'ZAPATA PEGADA', 1),
	(8, 'CAÍDA AL BAJAR DEL BUS', 2),
	(9, 'CAÍDA AL SUBIR AL BUS', 2),
	(10, 'CAÍDA DENTRO DEL BUS', 2),
	(11, 'ATRAPAMIENTO DE PUERTA', 2),
	(12, 'IMPRUDENCIA/PREPOTENCIA DEL USUARIO', 2),
	(13, 'CORTE / GOLPE POR PASAMANOS / EQUIPOS Y/O CHASIS D', 2),
	(14, 'ATROPELLO', 3),
	(15, 'ATROPELLO Y MUERTE', 3),
	(16, 'FRENADA INTEMPESTIVO', 3),
	(17, 'DESPISTE DE BUS', 3),
	(18, 'VOLCADURA', 3),
	(19, 'INCENDIO DE VEHICULO', 3),
	(20, 'CHOQUE CONTRA INFRAESTRUCTURA', 3),
	(21, 'ATROPELLO A ANIMALES', 3),
	(22, 'MOTO LINEAL', 4),
	(23, 'MOTOCAR', 4),
	(24, 'BICICLETA', 4),
	(25, 'FURGONETA', 4),
	(26, 'TRICICLO', 4),
	(27, 'SCOOTER', 4),
	(28, 'MOTO POLICIAL', 4),
	(29, 'VEHÍCULO NO IDENTIFICADO OTROS (ESPECIFICAR)', 4),
	(30, 'BUS COSAC', 5),
	(31, 'PATRULLERO', 5),
	(32, 'BOMBERO', 5),
	(33, 'AMBULANCIA', 5),
	(34, 'VEHÍCULOS OFICIALES', 5),
	(35, 'CARRO TALLER', 5),
	(36, 'AUTOMÓVIL', 5),
	(37, 'CAMIONETA PICK UP', 5),
	(38, 'CAMIONETA RURAL', 5),
	(39, 'STATION WAGON', 5),
	(40, 'CAMIÓN', 5),
	(41, 'ÓMNIBUS', 5),
	(42, 'CAMIONETA PANEL', 5),
	(43, 'REMOLCADOR', 5),
	(44, 'VEHÍCULO NO IDENTIFICADO OTROS (ESPECIFICAR)', 5),
	(45, 'FUGA DE MOTO', 6),
	(46, 'FUGA DE AUTOMÓVIL', 6),
	(47, 'FUGA DE CAMIONETA PICK UP', 6),
	(48, 'FUGA DE CAMIONETA RURAL', 6),
	(49, 'FUGA DE STATION WAGON', 6),
	(50, 'FUGA DE CAMIÓN', 6),
	(51, 'FUGA DE ÓMNIBUS', 6),
	(52, 'FUGA DE CAMIONETA PANEL', 6),
	(53, 'FUGA DE REMOLCADOR', 6),
	(54, 'FUGA DE REMOLQUE Y SEMIRREMOLQUE', 6),
	(55, 'VEHÍCULO NO IDENTIFICADO OTROS (ESPECIFICAR)', 6),
	(56, 'TORNIQUETES / VALIDADORES PVA AUDIO PANELES TAQUIL', 7),
	(57, 'VALIDADOR', 7),
	(58, 'ROBOS Y AGRESIÓN', 15),
	(59, 'ACOSO', 15),
	(60, 'ACTOS CONTRA EL PUDOR', 15),
	(61, 'ASALTO CON ARMA DE FUEGO', 15),
	(62, 'LANZAN PIEDRA Y/O VANDALISMO', 15),
	(63, 'MANIFESTACIONES', 15),
	(64, 'INTERVENCIÓN POLICIAL/SERENAZGO', 15),
	(65, 'INTENTO DE ROBO', 15),
	(66, 'USUARIO EN ESTADO ETÍLICO', 15),
	(67, 'OTROS', 15),
	(68, 'DE USUARIO A EFECTIVO PNP', 16),
	(69, 'DE USUARIO A ORIENTADOR', 16),
	(70, 'INSPECTOR DE TRANSITO', 16),
	(71, 'AGENTE SEGURIDAD', 16),
	(72, 'AL CONDUCTOR DEL BUS', 16),
	(73, 'ENTRE USUARIOS', 16),
	(74, 'BARANDA METÁLICA DE SEGURIDAD', 17),
	(75, 'ESTACIÓN', 17),
	(76, 'PUERTA METÁLICA', 17),
	(77, 'MALLA METÁLICA', 17),
	(78, 'LETREROS/SEÑALÉTICAS', 17),
	(79, 'CHOQUE A BOLARDOS', 17),
	(80, 'DESPISTES DE VEHICULO PARTICULAR', 17),
	(81, 'ACCIDENTE VÍA MIXTA AFECTA AL COSAC I', 18),
	(82, 'VEHÍCULO PARTICULAR SE DESPISTA AL COSAC I', 18),
	(83, 'VÍA BLOQUEADA POR OBRAS AFECTA RUTA / SERVICIO', 18),
	(84, 'PERSONA SOSPECHOSA', 18),
	(85, 'ATROPELLO ANIMALES', 18),
	(86, 'ATROPELLO A PEATÓN', 18),
	(87, 'CHOQUES', 18),
	(88, 'PERSONAS EN VÍA', 18),
	(89, 'TORNIQUETES / VALIDADORES PVA AUDIO PANELES TAQUIL', 19),
	(90, 'VALIDADOR ESTACION', 19),
	(91, 'PVA', 19),
	(92, 'INCIDENTE CON PERSONAL', 20),
	(93, 'MANTENIMIENTO', 20),
	(94, 'CORTE DE FLUIDO ELÉCTRICO', 20),
	(95, 'CIERRE DE ESTACIÓN', 20),
	(96, 'OTROS', 20),
	(97, 'ACCIDENTES DE USUARIO', 21),
	(98, 'PRIMEROS AUXILIOS', 21),
	(99, 'DEMANDA DE USUARIOS', 21),
	(100, 'PERSONA CONADIS', 21),
	(101, 'USUARIOS EXTRAVIADOS', 22),
	(102, 'LIBRO DE RECLAMACIONES', 22),
	(103, 'PERDIDA DE PERTENENCIAS', 22),
	(104, 'APOYO DE LA RONDA PARA RECOGER PERTENENCIA CAÍDA A', 22),
	(105, 'AVERÍA', 23),
	(106, 'DESTELLO', 23),
	(107, 'ÁMBAR', 23),
	(108, 'INOPERATIVO', 23),
	(109, 'ATROPELLO A PEATÓN', 24),
	(110, 'CHOQUE DE DOS VEHÍCULOS PARTICULARES', 24),
	(111, 'DESPISTES DE VEHÍCULO DENTRO DE LA VÍA COSAC I', 24),
	(112, 'ATROPELLO A ANIMALES', 24),
	(113, 'AVERIA DEL VEHÍCULO', 24),
	(114, 'ATROPELLO A PERSONAL ATU', 24),
	(115, 'OTROS CASOS', 25);

-- Volcando estructura para tabla centro-control.conductor
CREATE TABLE IF NOT EXISTS `conductor` (
  `idconductor` int NOT NULL AUTO_INCREMENT,
  `nombre` varchar(150) DEFAULT NULL,
  `dni` int(8) unsigned zerofill DEFAULT NULL,
  `cacc` int DEFAULT NULL,
  `consorcio` int DEFAULT NULL,
  `tipo` int DEFAULT NULL,
  PRIMARY KEY (`idconductor`)
) ENGINE=InnoDB DEFAULT CHARSET=utf8mb4 COLLATE=utf8mb4_0900_ai_ci;

-- Volcando datos para la tabla centro-control.conductor: ~279 rows (aproximadamente)
INSERT INTO `conductor` (`idconductor`, `nombre`, `dni`, `cacc`, `consorcio`, `tipo`) VALUES
	(1, 'ACUÑA ESPINOZA MARCO ANTONIO', 45669388, 144526, 2, 1),
	(2, 'AGUEDO REMUZGO PIERRE ANTONIO', 43490195, 144318, 1, 3),
	(3, 'CATAÑO GUEVARA ROMMEL FRANS', 47738343, 144105, 2, 3),
	(4, 'ADRIAN ACOSTA ANDRES EDUARDO', 08988586, 144398, 1, 4),
	(5, 'AGUEDO ANAYA ISAIAS ULISES', 06830298, 144611, 2, 1),
	(6, 'ALVARADO HUARCAYA VICTOR JAVIER', 09552564, 144582, 1, 4),
	(7, 'ALVARADO LEANDRO ROSSNI GENRY', 45653322, 144161, 2, 3),
	(8, 'ALVARADO VERA JAVIER RONALD', 42714733, 144697, 1, 1),
	(9, 'ALVAREZ VERDE JESUS DINO', 08395948, 144975, 1, 2),
	(10, 'ANGELES CUEVA EDWIN RUDY', 42884945, 144539, 1, 4),
	(11, 'ANICETO MENDEZ FLORIAN JAVIER', 31670585, 144699, 1, 1),
	(12, 'ANTON HUIMAN JULIO CESAR', 09991535, 144896, 1, 1),
	(13, 'ARAUJO CONISLLA JORGE', 80119336, 144766, 1, 1),
	(14, 'ARENAS ARIAS HECTOR MARCELINO', 09575726, 144402, 2, 1),
	(15, 'ARENAS VEGA PEDRO', 10170732, 144972, 1, 3),
	(16, 'ARTEAGA CORDOVA MARCO ANTONIO', 41265765, 144834, 2, 2),
	(17, 'AYALA SALAZAR ALBERTO', 09622341, 144573, 1, 3),
	(18, 'BACALLA FERNANDEZ CESAR AUGUSTO', 06790802, 144705, 1, 4),
	(19, 'BALDEON MATEO YOEL JOSE', 43377034, 144845, 1, 2),
	(20, 'BANDA PAZ LUIS ALBERTO', 42290276, 144759, 2, 2),
	(21, 'BARBA SOSA JOSE ENRIQUE', 41749419, 144198, 2, 2),
	(22, 'BARZOLA ZEGARRA HUGOLINO HILVER', 07236474, 144835, 2, 4),
	(23, 'BENAVIDES RUIZ FAUSTO FELIPE', 06077616, 144121, 2, 2),
	(24, 'BENITES MURGA FREDDY PEDRO', 08187550, 144593, 1, 4),
	(25, 'BRAVO AMBROSIO ARMANDO ROBERT', 06877747, 144648, 1, 1),
	(26, 'BRICEÑO CASTILLO JOHNNY FREDDY', 10137260, 144125, 1, 4),
	(27, 'BRONCANO CAURURO JOHNNY ROLAN', 43064301, 144103, 1, 3),
	(28, 'BULEJE ROMERO VICTOR', 10425516, 144984, 1, 4),
	(29, 'CABALLERO MORALES ROGER', 10506468, 144110, 2, 1),
	(30, 'CABELLO REYES RUBEN POMPEYO', 15292512, 144852, 1, 2),
	(31, 'CABRERA ARANDA ROMAN GEINER', 09552589, 144385, 1, 1),
	(32, 'CACERES VALENZUELA AVELINO', 43401046, 144275, 2, 2),
	(33, 'CACHI SILVA NESKY ALEXANDER', 09986814, 144334, 1, 4),
	(34, 'CAJAHUAMAN CHAVEZ JHONNY FERNANDO', 10817913, 144234, 1, 1),
	(35, 'CALLA LEON FERNANDO', 06882976, 144186, 1, 2),
	(36, 'CALLE TAPIA LUIS ALBERTO', 07617871, 144748, 2, 4),
	(37, 'CAMACHO RIVAS CESAR', 00370727, 144206, 2, 2),
	(38, 'CANTARO FERNANDEZ CIRO LEOPOLDO', 44937167, 144415, 1, 4),
	(39, 'CARDENAS BARBOZA JOSE ANTONIO', 09986635, 144744, 1, 2),
	(40, 'CARDENAS BARBOZA MANUEL VALENTIN', 06882534, 144800, 2, 4),
	(41, 'CARRASCO POMASONGO BERNARDO AUDON', 22093891, 144368, 1, 2),
	(42, 'CARRILLO VERNAZZA CESAR ALEXANDER', 10509369, 144956, 1, 1),
	(43, 'CASTAÑEDA ARIAS BERNARDO JUAN', 06100949, 144541, 1, 1),
	(44, 'CATAÑO HUAYHUA FELIPE', 45516827, 144713, 2, 4),
	(45, 'CAYCHO DE LA CRUZ VACILIDEZ ANTONIO', 06549502, 144987, 1, 3),
	(46, 'CCACCYA BENITES LUIS', 07763834, 144940, 1, 1),
	(47, 'CCACCYA CHAVEZ ROBERT ANTONIO', 09618364, 144767, 2, 1),
	(48, 'CCANTO LLIMPE HONORATO', 10381116, 144192, 1, 3),
	(49, 'CENTENO CONDEZO PERCY', 08475534, 144473, 1, 2),
	(50, 'CERNA MENDOZA WILMER YONY', 40933942, 144630, 2, 2),
	(51, 'CHACON DIAZ JAIME ISIDRO', 09796114, 144178, 2, 2),
	(52, 'CHALCO CRUZ VICTOR', 06024493, 144882, 2, 2),
	(53, 'CHALLCO CARDENAS MANUEL JESUS', 10163132, 144117, 1, 3),
	(54, 'CHAVEZ RARAZ EDWIN ROBERT', 10815136, 144673, 2, 2),
	(55, 'CHAVEZ VELARDE JAVIER', 41474702, 144801, 1, 4),
	(56, 'CHICLLA GUILLEN JUAN DAVID', 10450278, 144139, 1, 2),
	(57, 'CHIPANA RODAS HECTOR ROLANDO', 10091118, 144479, 1, 1),
	(58, 'CHIPANA RODAS RAFAEL AMERICO', 10528258, 144511, 1, 1),
	(59, 'CHOQUE MENDOZA JOSE LUIS', 00485924, 144861, 2, 1),
	(60, 'CISNEROS CARDENAS JOSE LUIS', 09922319, 144933, 1, 2),
	(61, 'COLINA MALDONADO CARLOS EDUARDO', 41808735, 144691, 1, 4),
	(62, 'COLUNCHE ORTIZ LUIS ALBERTO', 45476411, 144335, 2, 1),
	(63, 'CONDOR CAMPOSANO GILMER HUGO', 09402080, 144304, 2, 3),
	(64, 'CONDORI QUISPE ALFREDO DANIEL', 42761150, 144519, 2, 3),
	(65, 'CORDOVA ALARCON ROLANDO RICHARD', 10187811, 144436, 1, 1),
	(66, 'CORONADO TRIVEÑOS JESUS ELIAS', 09051590, 144106, 2, 3),
	(67, 'CORTIJO CASTRO LUIS MIGUEL', 42036793, 144995, 2, 2),
	(68, 'CRUZ SANCHEZ EDUARDO GUSTAVO', 10626280, 144467, 1, 1),
	(69, 'CRUZ YAURI JESUS EUGENIO', 09790071, 144488, 1, 2),
	(70, 'CUNZA REGALADO PAULO CESAR', 06546740, 144386, 2, 4),
	(71, 'CURO JAVIER DAYVE', 43461627, 144216, 1, 4),
	(72, 'CUSIHUAMAN CERRILLO ESTEBAN', 09504768, 144224, 1, 3),
	(73, 'DAVILA ROJAS PABLO ANDRES', 42040291, 144769, 2, 3),
	(74, 'DE LA CRUZ ALVAREZ CARLOS ALEJANDRO', 09991920, 144790, 1, 4),
	(75, 'DE LA CRUZ RODRIGUEZ LUIS ALBERTO', 45039797, 144681, 2, 3),
	(76, 'DEL CARPIO CRUCES RICHARD EMILIO', 10164118, 144895, 2, 3),
	(77, 'DELGADILLO DAVILA NESTOR NILTON', 15283864, 144120, 1, 1),
	(78, 'DELGADO INGA JOSE EISER', 43786628, 144334, 1, 2),
	(79, 'DELGADO PALACIOS RONAL ALEXANDER', 47844458, 144645, 2, 2),
	(80, 'DELGADO SANCHEZ HENRY EMILIANO', 09971760, 144267, 1, 4),
	(81, 'DENEGRI BARRERA MIGUEL ENRIQUE', 09910356, 144948, 1, 3),
	(82, 'DIAZ AZALDE LUIS EUGENIO', 25523437, 144655, 1, 3),
	(83, 'DIONICIO BERNA ALFREDO', 42657965, 144400, 1, 1),
	(84, 'ENCISO CCORMORAY FIDEL MARTIN', 43057232, 144783, 2, 1),
	(85, 'ENCISO SALINAS JUAN GUILLERMO', 40062726, 144156, 2, 4),
	(86, 'ERAZO DE LA CRUZ PEDRO EUSEBIO', 06833991, 144920, 1, 4),
	(87, 'ESCOBEDO TIRADO JUNIOR MARINO', 10739897, 144462, 2, 4),
	(88, 'ESPINO CABRERA JULIAN', 08695888, 144241, 1, 2),
	(89, 'ESPINOZA LASTRA ROLANDO', 10742930, 144749, 1, 2),
	(90, 'FABIAN FLORES JUAN', 08684915, 144593, 1, 1),
	(91, 'FABIAN VILLACORTA JUAN EDWIN', 40188837, 144988, 1, 2),
	(92, 'FAJARDO TUEROS LUIS ALBERTO', 09969477, 144558, 2, 3),
	(93, 'FELICIANO VELASQUEZ MOISES', 10701653, 144744, 2, 2),
	(94, 'FELIPA SEBASTIAN MARIO LUIS', 09960725, 144241, 1, 4),
	(95, 'FERNANDEZ SILVA JOSE ELVER', 42862049, 144993, 2, 3),
	(96, 'FERNANDEZ TICA EDUARDO DANIEL', 73899533, 144736, 2, 2),
	(97, 'FIGUEROA CURO ABRAHAM', 10064159, 144752, 1, 4),
	(98, 'FLORES CHIRA IVAN TOMAS', 08654706, 144510, 1, 1),
	(99, 'FLORES CONGONA MARCELO GUILLERMO', 10401647, 144729, 1, 4),
	(100, 'FLORES ENCISO TUPAC AMARU PUMACAHUA', 09631813, 144254, 2, 2),
	(101, 'FLORES ESPINOZA YOLANDA ELSA', 09629692, 144444, 2, 2),
	(102, 'FLORES IRAOLA JONH ALESANDRO', 80498949, 144628, 1, 1),
	(103, 'FUENTES CULLAMPE GINO AUGUSTO', 40256952, 144624, 2, 4),
	(104, 'GARCIA BOHORQUEZ HERNANDO ARTURO', 09549736, 144962, 1, 1),
	(105, 'GARCIA CARRASCO JOSE', 06862460, 144131, 1, 1),
	(106, 'GARCIA JANAMPA HECTOR', 40468895, 144319, 1, 1),
	(107, 'GARCIA MARTINEZ EDGAR JHONY', 09638603, 144727, 1, 3),
	(108, 'GIRON SANGAMA IVAN VICTOR', 47614668, 144437, 2, 3),
	(109, 'GOICOCHEA CHUGNAS DAVID ARTEMIO', 40623309, 144878, 1, 2),
	(110, 'GOMEZ GONZALES RICHARD MARINO', 06786362, 144419, 1, 2),
	(111, 'GRADOS PECHO HUMBERTO JESUS', 09473079, 144817, 2, 1),
	(112, 'GUERRA PADILLA LENIN', 09516679, 144316, 1, 3),
	(113, 'GUEVARA RIMAPA OSCAR', 44554944, 144899, 1, 3),
	(114, 'GUZMAN BALLENA RAFAEL', 10726411, 144345, 2, 4),
	(115, 'HENRIQUEZ SANCHEZ JOHEL JONATHAN', 42761145, 144623, 2, 2),
	(116, 'HERRERA PRIETO JOSE ELIAS', 08627278, 144367, 1, 3),
	(117, 'HUAMAN CHINCHAY TELMO', 06828177, 144524, 1, 2),
	(118, 'HUAMAN HUAMAN BARTOLI ALCIDES', 06554593, 144650, 1, 2),
	(119, 'HUAMAN PADILLA ISMAEL', 40335914, 144745, 1, 1),
	(120, 'HUAMANI GUTIERREZ ANIBAL VALENTIN', 10815070, 144396, 1, 2),
	(121, 'HUARI HUAMAN JULIO CESAR', 10160080, 144846, 2, 4),
	(122, 'HUAVILA CRUZ MARINO', 08776065, 144440, 1, 3),
	(123, 'HUAYLAS CANTALICIO AURELIO', 42073367, 144841, 2, 3),
	(124, 'INGA ANGULO CIRO MAURICE', 40664701, 144538, 1, 3),
	(125, 'INGA MARIN ENRIQUE ALEJANDRO', 19931173, 144664, 2, 3),
	(126, 'JAMANCA CHERRE ELVIS GERSON', 42323503, 144285, 2, 2),
	(127, 'JARA PONCE CARLOS', 22510192, 144697, 2, 1),
	(128, 'JAYME GUEVARA LUIS', 42002584, 144432, 1, 4),
	(129, 'JOSELI AURIS DUWAL DALADIER', 40870465, 144432, 1, 2),
	(130, 'JULCA CRUZ GUILLERMO', 03132554, 144224, 1, 4),
	(131, 'JURADO MANSILLA TOMAS SILVERIO', 22074815, 144470, 1, 4),
	(132, 'LAZARO CUSTODIO JOSE ANTONIO', 45569280, 144723, 2, 4),
	(133, 'LEON CUADROS OMAR', 10216581, 144913, 1, 2),
	(134, 'LEON GAVILAN JOSE GUILLERMO', 09793143, 144184, 2, 1),
	(135, 'LEON OSCANOA DANIEL ALCIDES', 10520660, 144449, 1, 4),
	(136, 'LERMO ARENAS YIN ARMANDO', 40059532, 144661, 2, 4),
	(137, 'LEYVA CALZADA YERSON JOEL', 10882012, 144723, 2, 3),
	(138, 'LLUQUE AGUILAR DAVID ORLANDO', 10835189, 144122, 1, 4),
	(139, 'LOAIZA CCARHUAS HECTOR', 40742883, 144850, 1, 2),
	(140, 'LOAYZA GARCIA WILFREDO ORLANDO', 07134358, 144542, 2, 2),
	(141, 'LUJAN ARANDA ELMER DANTE', 40413510, 144401, 2, 4),
	(142, 'LUNA HUALLANCA MIGUEL ANGEL', 41403357, 144621, 1, 3),
	(143, 'MACHUCA SANTILLAN JUSTINO ANTONI', 18986572, 144313, 2, 1),
	(144, 'MAITA MONTALVO RONALD OFER', 42254892, 144830, 1, 3),
	(145, 'MALCA GALARZA JOSE ANTONIO', 80653421, 144556, 2, 3),
	(146, 'MALLQUI CARDENAS GIBER', 43301223, 144154, 2, 4),
	(147, 'MALLQUI FABIAN EDI CARLOS', 40603117, 144973, 2, 3),
	(148, 'MAMANI AYCA ELVIS MARINO', 04428983, 144302, 1, 3),
	(149, 'MAMANI NOLE EDWIN ROSENDO', 10381324, 144820, 1, 2),
	(150, 'MAMANI NOLE RICHARD HILARIO', 09979891, 144466, 1, 2),
	(151, 'MAMANI SALCEDO MAURO', 09036264, 144559, 1, 4),
	(152, 'MARCELO BEDOYA MEJICO', 44768541, 144331, 2, 2),
	(153, 'MARCELO PACHECO ELIAS MANUEL', 06886797, 144894, 1, 3),
	(154, 'MARCOS URBINA EDWARD FRANZ', 10156522, 144863, 2, 2),
	(155, 'MARIN ORIHUELA RONALD WALTER', 42202446, 144906, 1, 2),
	(156, 'MARQUEZ AGAMA MISAEL VALENTIN', 09792604, 144516, 1, 1),
	(157, 'MARQUEZ CHAVEZ ELIAS IVAN', 41825592, 144872, 1, 3),
	(158, 'MARTINEZ PALLAJO JUAN ELGAR', 43823331, 144493, 1, 2),
	(159, 'MATEO FERNANDEZ RAFAEL SANTOS', 09476903, 144767, 1, 2),
	(160, 'MEDINA BELTRAN JORGE FELICIANO', 10407488, 144604, 1, 1),
	(161, 'MEDRANO ORDOÑEZ CESAR ALFREDO', 40302901, 144401, 2, 4),
	(162, 'MELENDEZ TOMAS LUIS ALBERTO', 19096747, 144404, 2, 4),
	(163, 'MELO SEDANO MARCO ANTONIO', 41195729, 144701, 1, 2),
	(164, 'MENDOZA GOMEZ RONALD MESIAS', 80123424, 144954, 2, 1),
	(165, 'MENDOZA HUAMAN EMERSON', 42948591, 144455, 2, 4),
	(166, 'MILLAN JIMENEZ JUAN JOSE', 07633028, 144973, 2, 3),
	(167, 'MIRANDA VIGO TEODOLINDO', 40703950, 144124, 2, 3),
	(168, 'MISAJEL NAVARRETE MIGUEL MARIANO', 09485293, 144929, 1, 1),
	(169, 'MOCHCCO ANAMPA JHURGUEN SAMUEL', 47364617, 144946, 2, 3),
	(170, 'MONCADA VENTURA RAUL', 41642103, 144992, 2, 4),
	(171, 'MONDRAGON PEREZ VICENTE', 09544876, 144365, 2, 2),
	(172, 'MONTALVAN GALARZA HODGI BLAS', 45017080, 144303, 1, 2),
	(173, 'MONTIVEROS FLORES ALFREDO DIDI', 10779548, 144842, 1, 4),
	(174, 'MORALES GONZALES PABLO', 10458565, 144401, 2, 4),
	(175, 'MORALES TRUJILLO FREDDY', 10163258, 144364, 1, 2),
	(176, 'MORENO LOPEZ ENRIQUE WALTER', 44102878, 144877, 2, 1),
	(177, 'MUÑIZ CHOQUE JULIO CESAR', 43500461, 144731, 2, 3),
	(178, 'MUÑOZ AGUIRRE JUAN MESIAS', 09037223, 144506, 1, 3),
	(179, 'MURILLO RODRIGUEZ SERGIO MOISES', 06854156, 144357, 1, 4),
	(180, 'NUÑEZ RIOS FRANKLIN', 73511089, 144552, 1, 4),
	(181, 'ORIHUELA CRISTOBAL ROGER OBDULIO', 16010185, 144236, 2, 3),
	(182, 'OROYA PUMARICA EDUARDO DANIEL', 06576372, 144899, 1, 2),
	(183, 'PACCO SUCASAIRE HUMBERTO', 08660698, 144839, 1, 3),
	(184, 'PACCSI ALCA HUGO OSCAR', 08155560, 144567, 2, 3),
	(185, 'PALMA AGUILAR JAIME', 43360397, 144413, 1, 3),
	(186, 'PALOMINO BLANCO RICARDO', 29694458, 144881, 2, 4),
	(187, 'PAMPA CHURA ALEJANDRO HECTOR', 10383081, 144380, 1, 4),
	(188, 'PAREDES LAUREANO FELIX JAIME', 43086807, 144616, 1, 3),
	(189, 'PARIONA LICLA LUIS ALFREDO', 40227875, 144408, 1, 1),
	(190, 'PARIONA LICLA ROGER FERNANDO', 10739140, 144940, 1, 3),
	(191, 'PASACHE SOLANO ALBER ALEXANDER', 43717132, 144659, 1, 2),
	(192, 'PATRICIO JULCA MAGNO FIDENCIANO', 10452958, 144873, 1, 1),
	(193, 'PEÑA BERRU AGUSTIN', 42494572, 144755, 1, 3),
	(194, 'PEÑA DOMINGUEZ JUAN ENEMIAS', 42379147, 144864, 2, 2),
	(195, 'PEREZ CRUZ DARIO', 06851574, 144291, 2, 3),
	(196, 'PEREZ MONTES HECTOR LEONARDO', 09766915, 144316, 1, 1),
	(197, 'PEREZ PAREDES NILTON ALAIN', 46391593, 144293, 2, 2),
	(198, 'PESANTES MONTOYA JAIRO EFRAIN', 41387626, 144190, 2, 1),
	(199, 'PINCO FERRUA HENRY JAVIER', 41952114, 144178, 1, 4),
	(200, 'PIZARRO LINO LINDOR ALFREDO', 40599856, 144675, 2, 2),
	(201, 'POMA HENOSTROZA NESTOR ROLANDO', 07176754, 144341, 1, 4),
	(202, 'PRADO MEDINA JOSE LUIS', 25847778, 144496, 1, 3),
	(203, 'PUERTAS ROJAS UBALDO AQUELINO', 41133582, 144405, 2, 1),
	(204, 'QUIROZ RODAS ANGEL MOISES', 42668575, 144530, 2, 1),
	(205, 'QUISPE CONGORA FREDY JAIME', 42994813, 144100, 1, 4),
	(206, 'QUISPE PASTRANA WILLIAMS RUBEN', 10157994, 144980, 1, 4),
	(207, 'QUISPE QUISPE VICTOR', 09734954, 144412, 2, 1),
	(208, 'RAFAEL RAFAEL JOSE ALBERTO', 08694985, 144814, 1, 2),
	(209, 'RAMIREZ LOPEZ EDGAR ALEJO', 09788399, 144801, 1, 1),
	(210, 'RAMOS MORALES PAUL MARCOS', 10423645, 144723, 2, 3),
	(211, 'RAMOS QUISPE JORGE LUIS', 09418625, 144473, 1, 1),
	(212, 'RAMOS RAMIREZ NELSER GILBERTO', 03562343, 144157, 1, 3),
	(213, 'RAMOS RIVERA PERCY', 20029180, 144415, 1, 3),
	(214, 'RAMOS TUPIÑO ROSA ANGELICA', 15355077, 144586, 2, 2),
	(215, 'RODRIGUEZ CRUZ EPIFANIO JAVIER', 09171326, 144498, 1, 1),
	(216, 'RODRIGUEZ DURAND JAIME ENRIQUE', 08531511, 144263, 2, 4),
	(217, 'RODRIGUEZ MARTINEZ JESUS SIMON', 22413791, 144383, 2, 1),
	(218, 'ROJAS GONZALES DONATO LUIS', 19891698, 144920, 2, 3),
	(219, 'ROLDAN ARBIETO JHONNY FRANK', 41234120, 144385, 2, 4),
	(220, 'ROMERO ACEVEDO ALEX MARLON', 09748762, 144380, 1, 2),
	(221, 'ROMERO REMIGIO JORGE HERNAN', 41715659, 144483, 2, 2),
	(222, 'RONDAN COTOS RONALD EFRAIN', 43054751, 144673, 2, 3),
	(223, 'RUIZ MOZO JESUS NICOLAS', 10290953, 144397, 2, 1),
	(224, 'RUIZ ZAGA EFRAIN GIANCARLO', 10161279, 144498, 2, 4),
	(225, 'RUJEL MARCHAN CARLOS ALBERTO', 40571184, 144248, 2, 1),
	(226, 'SALAS DIAZ ROLANDO', 40414925, 144300, 2, 1),
	(227, 'SALAZAR ORTIZ HUGO PERCY', 10073732, 144379, 1, 3),
	(228, 'SALAZAR VASQUEZ JOSE LUIS', 41271999, 144487, 2, 3),
	(229, 'SALVADOR MENESES LUIS ENRIQUE', 10157569, 144955, 2, 4),
	(230, 'SANCHEZ MANAYALLE ALEX', 43761346, 144625, 1, 3),
	(231, 'SANTOS SANTOS SANTIAGO ISMAEL', 09483255, 144834, 2, 4),
	(232, 'SAUCEDO PRINCIPE MICHAEL RUPERTO', 40906627, 144205, 1, 1),
	(233, 'SAUCEDO YDROGO WILMER JOHN', 40923823, 144961, 1, 4),
	(234, 'SICCHA MURGA MODESTO IVAN', 43775580, 144832, 2, 3),
	(235, 'SOLANO RAMOS LUIS ALBERTO', 46477573, 144369, 2, 3),
	(236, 'SOTELO ALARCON JUAN EZEQUIEL', 45261288, 144396, 1, 2),
	(237, 'SOTO VALENCIA ERASMO', 09746790, 144451, 2, 4),
	(238, 'SUAREZ CRUZADO HARRY ALEXIS', 40039682, 144515, 2, 2),
	(239, 'SUCSO ROMERO JUAN CARLOS', 09517339, 144990, 1, 4),
	(240, 'TALAVERANO CCASANI EDISON', 40147015, 144668, 1, 4),
	(241, 'TELLO BRUNO FERNANDO', 09625867, 144595, 1, 1),
	(242, 'TERRONES QUIROZ ELMER ALFONSO', 07472601, 144142, 2, 1),
	(243, 'TIMANA CANO JOSE LUIS', 41935351, 144328, 1, 2),
	(244, 'TIPULA TIPULA VICTOR', 09974035, 144317, 2, 1),
	(245, 'TITO OSCCO LUIS ALBERTO', 40704653, 144711, 2, 2),
	(246, 'TORRES SANCHEZ JIMMY ELVIS', 10684633, 144425, 1, 2),
	(247, 'TORRES SOTO JHONY JULIO', 25714919, 144137, 2, 4),
	(248, 'TREJO CERNA GILDER JORGE', 09964711, 144791, 1, 2),
	(249, 'TREJO RIOS JUAN VICTOR', 06760888, 144383, 2, 3),
	(250, 'TUCTO MARTEL GHISLETTE HOWARD', 09972529, 144921, 1, 1),
	(251, 'TUPIA ALDORADIN JUAN CARLOS', 10817607, 144999, 1, 4),
	(252, 'URETA MALQUI VICTOR JUSTO', 31923737, 144241, 2, 3),
	(253, 'VALDEZ AGUILAR ERNAN ADALBERTO', 09472780, 144250, 2, 4),
	(254, 'VALENCIA GARCIA JESUS MOISES', 46712576, 144765, 2, 3),
	(255, 'VALLEJOS DAMIANO HUGO', 41295460, 144352, 1, 1),
	(256, 'VALVERDE PALOMINO JHONATAN', 42201305, 144269, 1, 3),
	(257, 'VARGAS CUBAS ERMAN CHARLES', 42234189, 144494, 1, 1),
	(258, 'VASQUEZ GOMEZ FREDY LUIS', 44084456, 144442, 2, 2),
	(259, 'VASQUEZ HERNANDEZ JUAN ANGEL', 10712125, 144445, 1, 4),
	(260, 'VASQUEZ HERNANDEZ PEDRO', 08424187, 144979, 1, 4),
	(261, 'VASQUEZ LICLA YURI JUAN', 10407254, 144851, 1, 3),
	(262, 'VASQUEZ ROJAS ELMER', 09474525, 144887, 2, 1),
	(263, 'VASQUEZ ROMAN ARISTIDES MELANIO', 18119300, 144213, 1, 4),
	(264, 'VASQUEZ TIRADO JUAN CAPRISTANO', 41641324, 144699, 2, 2),
	(265, 'VELASQUEZ VALLEJO NILTON CESAR', 09981466, 144699, 2, 3),
	(266, 'VENTURA CALDERON EDUARDO MIGUEL', 10626908, 144206, 1, 2),
	(267, 'VERONA LOPEZ AMADOR', 08034796, 144614, 1, 4),
	(268, 'VICTORIO VELASQUEZ EDWIN OMAR', 04041007, 144540, 2, 4),
	(269, 'VIDAURRE DE LA CRUZ JUAN MANUEL', 16741786, 144537, 1, 4),
	(270, 'VILLANUEVA MURGA DANIEL ELVIS', 10050165, 144498, 1, 2),
	(271, 'VILLEGAS AGUILAR JOSELITO', 33810634, 144573, 2, 2),
	(272, 'VILLEGAS TAFUR GHEISON ENRIQUE', 10761679, 144514, 2, 3),
	(273, 'WONG PILLACA ALAN JHONATAN', 42918858, 144304, 2, 3),
	(274, 'YACO CHAUCA RICARDO LINO', 25775013, 144618, 2, 4),
	(275, 'YAPU LAYME FROYLAN DAVID', 42000943, 144139, 1, 4),
	(276, 'YUPANQUI ANDRES FRUMENCIO', 15289552, 144497, 2, 3),
	(277, 'ZAPATA SORIANO JEFFERSON ALEXIS', 42530883, 144777, 1, 2),
	(278, 'ZAVALETA VALDIVIA JULIAN ANTONIO', 09022647, 144866, 1, 2),
	(279, 'ZELADA REQUEJO MANUEL ESTEBAN', 44182806, 144173, 2, 2);

-- Volcando estructura para tabla centro-control.consecuencia
CREATE TABLE IF NOT EXISTS `consecuencia` (
  `id_consecuencia` int NOT NULL AUTO_INCREMENT,
  `consecuencia` varchar(50) DEFAULT NULL,
  `causa` int DEFAULT NULL,
  PRIMARY KEY (`id_consecuencia`)
) ENGINE=InnoDB DEFAULT CHARSET=utf8mb4 COLLATE=utf8mb4_0900_ai_ci;

-- Volcando datos para la tabla centro-control.consecuencia: ~115 rows (aproximadamente)
INSERT INTO `consecuencia` (`id_consecuencia`, `consecuencia`, `causa`) VALUES
	(1, 'FALLA MECÁNICA', 1),
	(2, 'FALLA ELÉCTRICA', 1),
	(3, 'FALTA DE GAS', 1),
	(4, 'FALLA DE PUERTAS', 1),
	(5, 'NEUMÁTICO DESINFLADO', 1),
	(6, 'CARDAN ROTO', 1),
	(7, 'ZAPATA PEGADA', 1),
	(8, 'CAÍDA AL BAJAR DEL BUS', 2),
	(9, 'CAÍDA AL SUBIR AL BUS', 2),
	(10, 'CAÍDA DENTRO DEL BUS', 2),
	(11, 'ATRAPAMIENTO DE PUERTA', 2),
	(12, 'IMPRUDENCIA/PREPOTENCIA DEL USUARIO', 2),
	(13, 'CORTE / GOLPE POR PASAMANOS / EQUIPOS Y/O CHASIS D', 2),
	(14, 'ATROPELLO', 3),
	(15, 'ATROPELLO Y MUERTE', 3),
	(16, 'FRENADA INTEMPESTIVO', 3),
	(17, 'DESPISTE DE BUS', 3),
	(18, 'VOLCADURA', 3),
	(19, 'INCENDIO DE VEHICULO', 3),
	(20, 'CHOQUE CONTRA INFRAESTRUCTURA', 3),
	(21, 'ATROPELLO A ANIMALES', 3),
	(22, 'MOTO LINEAL', 4),
	(23, 'MOTOCAR', 4),
	(24, 'BICICLETA', 4),
	(25, 'FURGONETA', 4),
	(26, 'TRICICLO', 4),
	(27, 'SCOOTER', 4),
	(28, 'MOTO POLICIAL', 4),
	(29, 'VEHÍCULO NO IDENTIFICADO OTROS (ESPECIFICAR)', 4),
	(30, 'BUS COSAC', 5),
	(31, 'PATRULLERO', 5),
	(32, 'BOMBERO', 5),
	(33, 'AMBULANCIA', 5),
	(34, 'VEHÍCULOS OFICIALES', 5),
	(35, 'CARRO TALLER', 5),
	(36, 'AUTOMÓVIL', 5),
	(37, 'CAMIONETA PICK UP', 5),
	(38, 'CAMIONETA RURAL', 5),
	(39, 'STATION WAGON', 5),
	(40, 'CAMIÓN', 5),
	(41, 'ÓMNIBUS', 5),
	(42, 'CAMIONETA PANEL', 5),
	(43, 'REMOLCADOR', 5),
	(44, 'VEHÍCULO NO IDENTIFICADO OTROS (ESPECIFICAR)', 5),
	(45, 'FUGA DE MOTO', 6),
	(46, 'FUGA DE AUTOMÓVIL', 6),
	(47, 'FUGA DE CAMIONETA PICK UP', 6),
	(48, 'FUGA DE CAMIONETA RURAL', 6),
	(49, 'FUGA DE STATION WAGON', 6),
	(50, 'FUGA DE CAMIÓN', 6),
	(51, 'FUGA DE ÓMNIBUS', 6),
	(52, 'FUGA DE CAMIONETA PANEL', 6),
	(53, 'FUGA DE REMOLCADOR', 6),
	(54, 'FUGA DE REMOLQUE Y SEMIRREMOLQUE', 6),
	(55, 'VEHÍCULO NO IDENTIFICADO OTROS (ESPECIFICAR)', 6),
	(56, 'TORNIQUETES / VALIDADORES PVA AUDIO PANELES TAQUIL', 7),
	(57, 'VALIDADOR', 7),
	(58, 'ROBOS Y AGRESIÓN', 15),
	(59, 'ACOSO', 15),
	(60, 'ACTOS CONTRA EL PUDOR', 15),
	(61, 'ASALTO CON ARMA DE FUEGO', 15),
	(62, 'LANZAN PIEDRA Y/O VANDALISMO', 15),
	(63, 'MANIFESTACIONES', 15),
	(64, 'INTERVENCIÓN POLICIAL/SERENAZGO', 15),
	(65, 'INTENTO DE ROBO', 15),
	(66, 'USUARIO EN ESTADO ETÍLICO', 15),
	(67, 'OTROS', 15),
	(68, 'DE USUARIO A EFECTIVO PNP', 16),
	(69, 'DE USUARIO A ORIENTADOR', 16),
	(70, 'INSPECTOR DE TRANSITO', 16),
	(71, 'AGENTE SEGURIDAD', 16),
	(72, 'AL CONDUCTOR DEL BUS', 16),
	(73, 'ENTRE USUARIOS', 16),
	(74, 'BARANDA METÁLICA DE SEGURIDAD', 17),
	(75, 'ESTACIÓN', 17),
	(76, 'PUERTA METÁLICA', 17),
	(77, 'MALLA METÁLICA', 17),
	(78, 'LETREROS/SEÑALÉTICAS', 17),
	(79, 'CHOQUE A BOLARDOS', 17),
	(80, 'DESPISTES DE VEHICULO PARTICULAR', 17),
	(81, 'ACCIDENTE VÍA MIXTA AFECTA AL COSAC I', 18),
	(82, 'VEHÍCULO PARTICULAR SE DESPISTA AL COSAC I', 18),
	(83, 'VÍA BLOQUEADA POR OBRAS AFECTA RUTA / SERVICIO', 18),
	(84, 'PERSONA SOSPECHOSA', 18),
	(85, 'ATROPELLO ANIMALES', 18),
	(86, 'ATROPELLO A PEATÓN', 18),
	(87, 'CHOQUES', 18),
	(88, 'PERSONAS EN VÍA', 18),
	(89, 'TORNIQUETES / VALIDADORES PVA AUDIO PANELES TAQUIL', 19),
	(90, 'VALIDADOR ESTACION', 19),
	(91, 'PVA', 19),
	(92, 'INCIDENTE CON PERSONAL', 20),
	(93, 'MANTENIMIENTO', 20),
	(94, 'CORTE DE FLUIDO ELÉCTRICO', 20),
	(95, 'CIERRE DE ESTACIÓN', 20),
	(96, 'OTROS', 20),
	(97, 'ACCIDENTES DE USUARIO', 21),
	(98, 'PRIMEROS AUXILIOS', 21),
	(99, 'DEMANDA DE USUARIOS', 21),
	(100, 'PERSONA CONADIS', 21),
	(101, 'USUARIOS EXTRAVIADOS', 22),
	(102, 'LIBRO DE RECLAMACIONES', 22),
	(103, 'PERDIDA DE PERTENENCIAS', 22),
	(104, 'APOYO DE LA RONDA PARA RECOGER PERTENENCIA CAÍDA A', 22),
	(105, 'AVERÍA', 23),
	(106, 'DESTELLO', 23),
	(107, 'ÁMBAR', 23),
	(108, 'INOPERATIVO', 23),
	(109, 'ATROPELLO A PEATÓN', 24),
	(110, 'CHOQUE DE DOS VEHÍCULOS PARTICULARES', 24),
	(111, 'DESPISTES DE VEHÍCULO DENTRO DE LA VÍA COSAC I', 24),
	(112, 'ATROPELLO A ANIMALES', 24),
	(113, 'AVERIA DEL VEHÍCULO', 24),
	(114, 'ATROPELLO A PERSONAL ATU', 24),
	(115, 'OTROS CASOS', 25);

-- Volcando estructura para tabla centro-control.consorcio
CREATE TABLE IF NOT EXISTS `consorcio` (
  `idconsorcio` int NOT NULL AUTO_INCREMENT,
  `nombre_consorcio` varchar(50) DEFAULT NULL,
  `abreviatura_consorcio` varchar(50) CHARACTER SET utf8mb4 COLLATE utf8mb4_0900_ai_ci DEFAULT NULL,
  PRIMARY KEY (`idconsorcio`)
) ENGINE=InnoDB DEFAULT CHARSET=utf8mb4 COLLATE=utf8mb4_0900_ai_ci;

-- Volcando datos para la tabla centro-control.consorcio: ~4 rows (aproximadamente)
INSERT INTO `consorcio` (`idconsorcio`, `nombre_consorcio`, `abreviatura_consorcio`) VALUES
	(1, 'LIMA VIAS EXPRES', 'LVE'),
	(2, 'LIMA BUS INTERNACIONAL', 'LBI'),
	(3, 'TRANSVIAL SAC', 'TRV'),
	(4, 'PERU MASIVO', 'PM');

-- Volcando estructura para tabla centro-control.incidencia
CREATE TABLE IF NOT EXISTS `incidencia` (
  `idincidencia` int unsigned NOT NULL AUTO_INCREMENT,
  `fecha` date DEFAULT NULL,
  `hora_inicio` time DEFAULT NULL,
  `hora_fin` time DEFAULT NULL,
  `lugar` varchar(500) DEFAULT NULL,
  `categoria` int DEFAULT NULL,
  `subcategoria` int DEFAULT NULL,
  `causa` int DEFAULT NULL,
  `consecuencia` int DEFAULT NULL,
  `descripcion` varchar(500) CHARACTER SET utf8mb4 COLLATE utf8mb4_0900_ai_ci DEFAULT NULL,
  `consorcio` int DEFAULT NULL,
  `tipo_servicio` int DEFAULT NULL,
  `ruta` int DEFAULT NULL,
  `servicio` int DEFAULT NULL,
  `sentido` int DEFAULT NULL,
  `bus` int DEFAULT NULL,
  `conductor` int DEFAULT NULL,
  `tipo_kilometraje` varchar(50) DEFAULT NULL,
  `kilometraje` decimal(20,1) DEFAULT NULL,
  `carreras` decimal(20,1) DEFAULT NULL,
  `auditoria` int DEFAULT NULL,
  PRIMARY KEY (`idincidencia`)
) ENGINE=InnoDB AUTO_INCREMENT=78 DEFAULT CHARSET=utf8mb4 COLLATE=utf8mb4_0900_ai_ci;

-- Volcando datos para la tabla centro-control.incidencia: ~65 rows (aproximadamente)
INSERT INTO `incidencia` (`idincidencia`, `fecha`, `hora_inicio`, `hora_fin`, `lugar`, `categoria`, `subcategoria`, `causa`, `consecuencia`, `descripcion`, `consorcio`, `tipo_servicio`, `ruta`, `servicio`, `sentido`, `bus`, `conductor`, `tipo_kilometraje`, `kilometraje`, `carreras`, `auditoria`) VALUES
	(3, '2023-07-14', '03:34:00', '23:03:00', 'kiko', 1, 1, 5, 38, 'deos', 1, 2, 61, 2, 2, 11011, 9991535, '3', 4.0, 1.0, NULL),
	(7, '2023-07-19', '04:02:00', '06:07:00', 'luga este', 1, 1, 5, 44, 'descricion', 1, 1, 90, 1, 5, 11005, 10452958, '1', 3434.0, 2.0, NULL),
	(8, '2023-07-19', '03:04:00', '23:34:00', 'santa rosa', 1, 1, 5, 37, 'edesdesdd', 1, 2, 55, 1, 4, 11002, 9991535, '1', 56.0, 3.0, NULL),
	(9, '2023-07-20', '03:04:00', '05:04:00', 'tomas valle', 1, 1, 6, 54, 'lucas es un grato', 2, 1, 154, 2, 5, 11005, 31670585, '2', 565.0, 4.0, NULL),
	(11, '2023-07-18', '03:04:00', '06:05:00', 'LUIS ROCA DEL RIO', 1, 1, 3, 16, 'FRENO', 2, 2, 51, 3, 3, 22019, 370727, '3', 34.0, 1.0, NULL),
	(12, '2023-07-21', '04:05:00', '07:02:00', 'este lugar', 1, 1, 5, 34, 'yes', 1, 1, 62, 4, 1, 11003, 9991535, '1', 6778.0, 3.0, NULL),
	(13, '2023-07-21', '04:05:00', '07:02:00', 'este lugar', 1, 1, 5, 34, 'yes', 1, 1, 62, 6, 1, 11003, 9991535, '1', 6778.0, 2.0, NULL),
	(14, '2023-07-21', '04:05:00', '04:03:00', 'lugar', 1, 1, 5, 30, 'descdesda', 2, 2, 49, 5, 3, 11002, 9552589, '5', 5.0, 2.0, NULL),
	(15, '2023-07-13', '03:43:00', '04:54:00', 'santa rosa4', 1, 1, 1, 1, '4543523', 1, 1, 71, 1, 1, 11042, 47844458, '2', 55.0, 3.0, NULL),
	(16, '2023-07-13', '03:45:00', '23:54:00', 'dfgdgfgf', 1, 1, 1, 1, 'fgdrterterert', 1, 1, 72, 1, 1, 11001, 6877747, '1', 66.0, 1.0, NULL),
	(17, '2023-07-28', '03:43:00', '23:45:00', 'fgdgd', 1, 1, 1, 1, 'fsdf', 1, 1, 73, 5, 1, 11002, 9991535, '3', 4.0, 3.0, NULL),
	(18, '2023-07-28', '03:04:00', '03:45:00', 'ersedfsdf', 1, 1, 1, 1, 'rtert', 1, 1, 73, 1, 1, 11001, 9552589, '2', 4.0, 5.0, NULL),
	(19, '2023-07-20', '04:05:00', '04:05:00', 'tdfgse', 1, 1, 1, 1, 'werwerqwerq', 1, 1, 75, 6, 1, 11001, 9991535, '2', 6.0, 6.0, NULL),
	(20, '2023-07-20', '04:05:00', '04:05:00', 'tdfgse', 1, 1, 1, 1, 'werwerqwerq', 1, 1, 75, 6, 1, 11001, 9991535, '2', 6.0, 6.0, NULL),
	(21, '2023-07-21', '23:04:00', '03:42:00', 'wdsda', 1, 1, 5, 44, 'eqwqw', 1, 1, 75, 4, 5, 11003, 9552589, '1', 6.0, 6.0, NULL),
	(22, '2023-07-11', '11:01:00', '11:11:00', '3', 1, 1, 1, 1, 'erreddddddddddddddddddddddddddddd', 1, 1, 91, 3, 5, 11002, 9991535, '3', 34.0, 4.0, NULL),
	(23, '2023-07-19', '03:03:00', '03:33:00', 'fdfd', 1, 1, 1, 1, 'rerwereeeee', 1, 1, 73, 4, 5, 11003, 9552589, '3', 44.0, 4.0, NULL),
	(24, '2023-07-21', '22:02:00', '22:02:00', 'fd', 1, 1, 5, 44, 'erefe', 1, 2, 52, 1, 1, 11002, 9552589, '1', 3.0, 3.0, NULL),
	(25, '2023-07-21', '22:02:00', '22:02:00', 'fd', 1, 1, 5, 44, 'erefe', 1, 2, 52, 1, 1, 11002, 9552589, '1', 3.0, 3.0, NULL),
	(26, '2023-07-13', '05:05:00', '05:05:00', 'hgh', 1, 1, 1, 5, 'ffrrs', 1, 1, 74, 3, 4, 11003, 6877747, '2', 4.0, 1.0, NULL),
	(27, '2023-07-28', '22:54:00', '02:53:00', 'RINCON DE PIEDRAS', 1, 1, 6, 52, 'sdasdas', 1, 1, 79, 4, 5, 11010, 10509369, '2', 5.0, 5.0, NULL),
	(28, '2023-07-21', '06:06:00', '06:59:00', 'LUIS ROCA DEL RIO', 1, 1, 1, 1, 'yyy', 1, 1, 79, 6, 7, 11030, 6877747, '1', 6.0, 7.0, NULL),
	(29, '2023-07-30', '03:33:00', '03:33:00', '33333', 1, 1, 3, 18, '333333333333333333333333', 1, 1, 80, 3, 2, 11024, 10528258, '6', 2.0, 2.0, NULL),
	(30, '2023-07-30', '03:33:00', '03:33:00', '33333', 1, 1, 3, 18, '333333333333333333333333', 1, 1, 80, 3, 2, 11024, 10528258, '6', 2.0, 2.0, NULL),
	(31, '2023-07-18', '18:09:00', '18:09:00', '1817677777776', 1, 1, 7, 56, 'ghgf', 2, 1, 135, 2, 7, 11003, 9552589, '5', 3.0, 3.0, NULL),
	(32, '2023-07-18', '18:09:00', '18:09:00', '1817677777776', 1, 1, 7, 56, 'ghgf', 2, 1, 135, 2, 7, 11003, 9552589, '5', 3.0, 3.0, NULL),
	(33, '2023-07-12', '04:05:00', '09:08:00', 'esteer', 1, 1, 1, 6, 'ultimo', 1, 2, 54, 4, 5, 11003, 9552589, '1', 4.0, 4.0, NULL),
	(34, '2023-07-12', '04:05:00', '09:08:00', 'esteer', 1, 1, 1, 6, 'ultimo', 1, 2, 54, 4, 5, 11003, 9552589, '1', 4.0, 4.0, NULL),
	(35, '2023-07-08', '04:04:00', '04:45:00', 'lugar del otro - ultimo registro de los ultimisisiisisismos', 1, 1, 1, 1, 'tytfrde', 1, 1, 92, 9, 6, 11021, 7763834, '2', 4.0, 3.0, NULL),
	(36, '2023-07-08', '04:04:00', '04:45:00', 'lugar del otro - ultimo registro de los ultimisisiisisismos', 1, 1, 1, 1, 'tytfrde', 1, 1, 92, 9, 6, 11021, 7763834, '2', 4.0, 3.0, NULL),
	(37, '2023-07-08', '04:04:00', '04:45:00', 'lugar del otro - ultimo registro de los ultimisisiisisismos', 1, 1, 1, 1, 'tytfrde', 1, 1, 92, 9, 6, 11021, 7763834, '2', 4.0, 3.0, NULL),
	(38, '2023-07-16', '04:05:00', '12:03:00', 'esesess', 1, 1, 1, 6, 'descripcio de hoy', 1, 1, 90, 6, 6, 11001, 6877747, '1', 3.0, 5.0, NULL),
	(39, '2023-07-16', '23:26:00', '17:23:00', 'PEDRO MIOTA', 1, 1, 1, 5, 'ESTA ES UNA DESCRIPCION', 1, 1, 92, 3, 5, 11030, 10817913, '3', 4.0, 5.0, NULL),
	(40, '2023-07-13', '20:43:00', '22:43:00', 'NARANJAL CRUZE CON GIRASOLES', 1, 1, 6, 47, 'HELEIO', 1, 1, 82, 3, 6, 11021, 10187811, '4', 3.0, 1.0, NULL),
	(46, '2023-07-16', '23:04:00', '12:02:00', 'plaza de flores', 1, 1, 2, 9, 'wqwew', 1, 1, 73, 3, 7, 11002, 9991535, '1', 3.0, 1.0, NULL),
	(47, '2023-07-13', '20:43:00', '22:43:00', 'NARANJAL CRUZE CON GIRASOLES', 1, 1, 6, 47, 'HELEIO', 1, 1, 82, 3, 6, 11021, 10187811, '4', 3.0, 1.0, NULL),
	(48, '2023-07-16', '04:05:00', '03:44:00', 'eres', 1, 1, 5, 43, 'este', 1, 1, 74, 2, 7, 11001, 9552589, '5', 6.0, 1.0, NULL),
	(49, '2023-07-16', '05:06:00', '04:05:00', 'DFDGFFF', 1, 1, 1, 5, 'eresd', 1, 1, 62, 2, 6, 22107, 9552589, '1', 3.0, 1.0, NULL),
	(50, '2023-07-16', '04:05:00', '03:45:00', 'choza nautica', 1, 1, 4, 24, '45rr', 1, 2, 53, 4, 5, 11005, 9552589, '1', 4.0, 1.0, NULL),
	(52, '2023-07-13', '20:43:00', '22:43:00', 'NARANJAL CRUZE CON GIRASOLES', 1, 1, 6, 47, 'HELEIO', 1, 1, 82, 3, 6, 11021, 10187811, '4', 3.0, 1.0, NULL),
	(53, '2023-07-16', '03:04:00', '06:07:00', 'choza nautica', 1, 1, 2, 8, 'tret', 1, 1, 74, 6, 2, 22107, 9552589, '1', 6.0, 7.0, NULL),
	(54, '2023-07-16', '03:03:00', '07:07:00', 'desffd', 1, 1, 1, 1, 'errrrrr', 1, 1, 74, 4, 1, 22107, 9552589, '1', 5.0, 5.0, NULL),
	(55, '2023-07-16', '03:03:00', '07:07:00', 'desffd', 1, 1, 1, 1, 'errrrrr', 1, 1, 74, 4, 1, 22107, 9552589, '1', 5.0, 5.0, NULL),
	(56, '2023-07-16', '03:03:00', '07:07:00', 'desffd', 1, 1, 1, 1, 'errrrrr', 1, 1, 74, 4, 1, 22107, 9552589, '1', 5.0, 5.0, NULL),
	(57, '2023-07-16', '03:03:00', '07:07:00', 'desffd', 1, 1, 1, 1, 'errrrrr', 1, 1, 74, 4, 1, 22107, 9552589, '1', 5.0, 5.0, NULL),
	(58, '2023-07-20', '07:07:00', '05:07:00', 'santa rosa', 1, 1, 1, 1, 'rer', 1, 1, 71, 2, 2, 22107, 9552589, '1', 2.0, 3.0, NULL),
	(59, '2023-07-20', '07:07:00', '05:07:00', 'santa rosa', 1, 1, 1, 1, 'rer', 1, 1, 71, 2, 2, 22107, 9552589, '1', 2.0, 3.0, NULL),
	(60, '2023-07-16', '03:04:00', '04:05:00', 'e', 1, 1, 1, 1, 'ultimoooooooooooooooooooooooooooooooooo', 1, 1, 73, 4, 1, 22107, 9552589, '1', 5.0, 1.0, NULL),
	(61, '2023-07-16', '03:04:00', '04:05:00', 'e', 1, 1, 1, 1, 'ultimoooooooooooooooooooooooooooooooooo', 1, 1, 73, 4, 1, 22107, 9552589, '1', 5.0, 1.0, NULL),
	(62, '2023-07-16', '03:04:00', '04:05:00', 'e', 1, 1, 1, 1, 'ultimoooooooooooooooooooooooooooooooooo', 1, 1, 73, 4, 1, 22107, 9552589, '1', 5.0, 1.0, NULL),
	(63, '2023-07-15', '04:44:00', '05:06:00', 'fcd', 1, 1, 1, 1, 'fdfsd', 1, 1, 73, 4, 1, 22107, 9552589, '1', 5.0, 1.0, NULL),
	(64, '2023-07-15', '03:43:00', '03:43:00', 'santa rosa', 1, 1, 1, 1, 'rrrrf', 1, 1, 74, 3, 1, 22107, 9552589, '3', 2.0, 1.0, NULL),
	(65, '2023-07-15', '03:43:00', '03:43:00', 'santa rosa', 1, 1, 1, 1, 'rrrrf', 1, 1, 74, 3, 1, 22107, 9552589, '3', 2.0, 1.0, NULL),
	(66, '2023-07-21', '05:07:00', '05:54:00', 'choza nautica', 1, 1, 1, 1, 'yrrty', 1, 1, 73, 5, 1, 22107, 9991535, '1', 2.0, 2.0, NULL),
	(67, '2023-07-11', '05:04:00', '07:07:00', 'fdsfs', 1, 1, 1, 1, 'fgds', 1, 1, 74, 4, 1, 22107, 9552589, '1', 5.0, 6.0, NULL),
	(68, '2023-07-11', '05:04:00', '07:07:00', 'fdsfs', 1, 1, 1, 1, 'fgds', 1, 1, 74, 4, 1, 22107, 9552589, '1', 5.0, 6.0, NULL),
	(69, '2023-07-21', '04:05:00', '05:05:00', 'jiron calloma', 1, 1, 1, 1, 'rtrtr', 1, 2, 54, 4, 1, 11003, 9552589, '1', 5.0, 7.0, NULL),
	(70, '2023-07-16', '05:34:00', '03:02:00', 'gdsfsdf', 1, 1, 1, 1, 'dfdf', 1, 1, 67, 4, 1, 22107, 9552589, '1', 5.0, 2.0, NULL),
	(71, '2023-07-16', '05:34:00', '03:02:00', 'gdsfsdf', 1, 1, 1, 1, 'dfdf', 1, 1, 67, 4, 1, 22107, 9552589, '1', 5.0, 2.0, NULL),
	(72, '2023-07-25', '09:00:00', '21:01:00', 'edsaaaaaaaaaaaaaa', 1, 1, 4, 29, 'ddf', 2, 2, 51, 1, 6, 11003, 9552589, '1', 1.0, 1.0, NULL),
	(73, '2023-07-17', '04:05:00', '06:07:00', 'la pascana', 1, 1, 1, 1, 'fgfh', 1, 1, 74, 3, 1, 22107, 9552589, '1', 1.0, 2.0, NULL),
	(74, '2023-07-14', '05:44:00', '05:06:00', 'choza nautica', 1, 1, 1, 1, 'ere', 1, 1, 73, 1, 1, 22107, 9552589, '1', 1.0, 1.0, NULL),
	(75, '2023-07-27', '04:45:00', '04:04:00', 'dfsdf', 1, 1, 1, 2, 'dfsdgdf', 1, 1, 73, 2, 2, 22107, 9991535, '2', 3.0, 3.0, NULL),
	(76, '2023-07-16', '04:04:00', '07:07:00', 'cszxda', 1, 1, 1, 1, 'fdgsd', 1, 1, 63, 5, 1, 22107, 9991535, '1', 6.0, 8.0, NULL),
	(77, '2023-07-03', '04:54:00', '08:08:00', 'fds', 1, 1, 2, 10, 'dfsadf', 1, 1, 65, 4, 1, 22107, 9552589, '5', 4.0, 2.0, NULL);

-- Volcando estructura para tabla centro-control.ruta
CREATE TABLE IF NOT EXISTS `ruta` (
  `id_ruta` int NOT NULL AUTO_INCREMENT,
  `abreviatura` varchar(50) DEFAULT NULL,
  `ruta` varchar(50) DEFAULT NULL,
  `id_tipo` int DEFAULT NULL,
  `id_consorcio` int DEFAULT NULL,
  PRIMARY KEY (`id_ruta`)
) ENGINE=InnoDB DEFAULT CHARSET=utf8mb4 COLLATE=utf8mb4_0900_ai_ci;

-- Volcando datos para la tabla centro-control.ruta: ~154 rows (aproximadamente)
INSERT INTO `ruta` (`id_ruta`, `abreviatura`, `ruta`, `id_tipo`, `id_consorcio`) VALUES
	(1, 'A', 'RUTA A', 1, 3),
	(2, 'B', 'RUTA B', 1, 3),
	(3, 'C', 'RUTA C', 1, 3),
	(4, 'D', 'RUTA D', 1, 3),
	(5, 'L', 'LECHUCERO', 1, 3),
	(6, 'X1', 'EXPRESO 01', 1, 3),
	(7, 'X2', 'EXPRESO 02', 1, 3),
	(8, 'X3', 'EXPRESO 03', 1, 3),
	(9, 'X4', 'EXPRESO 04', 1, 3),
	(10, 'X5', 'EXPRESO 05', 1, 3),
	(11, 'X6', 'EXPRESO 06', 1, 3),
	(12, 'X7', 'EXPRESO 07', 1, 3),
	(13, 'X8', 'EXPRESO 08', 1, 3),
	(14, 'X9', 'EXPRESO 09', 1, 3),
	(15, 'SX', 'SUPER EXPRESO', 1, 3),
	(16, 'SXN', 'SUPER EXPRESO NORTE', 1, 3),
	(17, 'ExtraA', 'EXTRAORDINARIO RUTA A', 1, 3),
	(18, 'ExtraB', 'EXTRAORDINARIO RUTA B', 1, 3),
	(19, 'ExtraC', 'EXTRAORDINARIO RUTA C', 1, 3),
	(20, 'ExtraD', 'EXTRAORDINARIO RUTA D', 1, 3),
	(21, 'ExtraX1', 'EXTRAORDINARIO EXPRESO 01', 1, 3),
	(22, 'ExtraX2', 'EXTRAORDINARIO EXPRESO 02', 1, 3),
	(23, 'ExtraX3', 'EXTRAORDINARIO EXPRESO 03', 1, 3),
	(24, 'ExtraX4', 'EXTRAORDINARIO EXPRESO 04', 1, 3),
	(25, 'ExtraX5', 'EXTRAORDINARIO EXPRESO 05', 1, 3),
	(26, 'ExtraX6', 'EXTRAORDINARIO EXPRESO 06', 1, 3),
	(27, 'ExtraX7', 'EXTRAORDINARIO EXPRESO 07', 1, 3),
	(28, 'ExtraX8', 'EXTRAORDINARIO EXPRESO 08', 1, 3),
	(29, 'ExtraX9', 'EXTRAORDINARIO EXPRESO 09', 1, 3),
	(30, 'ExtraSX', 'EXTRAORDINARIO SUPER EXPRESO', 1, 3),
	(31, 'ExtraSXN', 'EXTRAORDINARIO SUPER EXPRESO NORTE', 1, 3),
	(32, 'S. Ser.', 'SIN SERVICIO', 1, 3),
	(33, 'S. Ser.', 'SIN SERVICIO', 1, 4),
	(34, 'S. Ser.', 'SIN SERVICIO', 1, 2),
	(35, 'S. Ser.', 'SIN SERVICIO', 1, 1),
	(36, 'MAY', 'MAYOLO', 2, 3),
	(37, 'TAH', 'TAHUANTINSUYO', 2, 3),
	(38, 'PAY', 'PAYET', 2, 3),
	(39, 'BER', 'BERTELLO', 2, 3),
	(40, 'LOL', 'LOS OLIVOS', 2, 3),
	(41, 'LAL', 'LOS ALISOS', 2, 4),
	(42, 'IZA', 'IZAGUIRRE', 2, 3),
	(43, 'CAR', 'CARABAYLLO', 2, 4),
	(44, 'COLL', 'COLLIQUE', 2, 4),
	(45, 'MJE', 'MILAGRO DE JESUS', 2, 4),
	(46, 'PUN', 'PUNO', 2, 4),
	(47, 'BEL', 'BELAUNDE', 2, 4),
	(48, 'SDO', 'SANTO DOMINGO', 2, 4),
	(49, 'TUN', 'TUNGASUCA', 2, 2),
	(50, 'TRA', 'TRAPICHE', 2, 2),
	(51, 'ENS', 'ENSENADA', 2, 2),
	(52, 'PPI', 'PUENTE PIEDRA', 2, 1),
	(53, 'CED', 'CEDROS', 2, 1),
	(54, 'AME', 'AMERICA', 2, 1),
	(55, 'PRO', 'PROCERES', 2, 1),
	(56, 'CDP', 'CIRCUITO DE PLAYAS', 2, 1),
	(57, 'VES', 'VILLA EL SALVADOR', 2, 1),
	(58, 'S. Ser.', 'SIN SERVICIO', 2, 3),
	(59, 'S. Ser.', 'SIN SERVICIO', 2, 4),
	(60, 'S. Ser.', 'SIN SERVICIO', 2, 2),
	(61, 'S. Ser.', 'SIN SERVICIO', 2, 1),
	(62, 'A', 'RUTA A', 1, 1),
	(63, 'B', 'RUTA B', 1, 1),
	(64, 'C', 'RUTA C', 1, 1),
	(65, 'D', 'RUTA D', 1, 1),
	(66, 'L', 'LECHUCERO', 1, 1),
	(67, 'X1', 'EXPRESO 01', 1, 1),
	(68, 'X2', 'EXPRESO 02', 1, 1),
	(69, 'X3', 'EXPRESO 03', 1, 1),
	(70, 'X4', 'EXPRESO 04', 1, 1),
	(71, 'X5', 'EXPRESO 05', 1, 1),
	(72, 'X6', 'EXPRESO 06', 1, 1),
	(73, 'X7', 'EXPRESO 07', 1, 1),
	(74, 'X8', 'EXPRESO 08', 1, 1),
	(75, 'X9', 'EXPRESO 09', 1, 1),
	(76, 'SX', 'SUPER EXPRESO', 1, 1),
	(77, 'SXN', 'SUPER EXPRESO NORTE', 1, 1),
	(78, 'ExtraA', 'EXTRAORDINARIO RUTA A', 1, 1),
	(79, 'ExtraB', 'EXTRAORDINARIO RUTA B', 1, 1),
	(80, 'ExtraC', 'EXTRAORDINARIO RUTA C', 1, 1),
	(81, 'ExtraD', 'EXTRAORDINARIO RUTA D', 1, 1),
	(82, 'ExtraX1', 'EXTRAORDINARIO EXPRESO 01', 1, 1),
	(83, 'ExtraX2', 'EXTRAORDINARIO EXPRESO 02', 1, 1),
	(84, 'ExtraX3', 'EXTRAORDINARIO EXPRESO 03', 1, 1),
	(85, 'ExtraX4', 'EXTRAORDINARIO EXPRESO 04', 1, 1),
	(86, 'ExtraX5', 'EXTRAORDINARIO EXPRESO 05', 1, 1),
	(87, 'ExtraX6', 'EXTRAORDINARIO EXPRESO 06', 1, 1),
	(88, 'ExtraX7', 'EXTRAORDINARIO EXPRESO 07', 1, 1),
	(89, 'ExtraX8', 'EXTRAORDINARIO EXPRESO 08', 1, 1),
	(90, 'ExtraX9', 'EXTRAORDINARIO EXPRESO 09', 1, 1),
	(91, 'ExtraSX', 'EXTRAORDINARIO SUPER EXPRESO', 1, 1),
	(92, 'ExtraSXN', 'EXTRAORDINARIO SUPER EXPRESO NORTE', 1, 1),
	(93, 'A', 'RUTA A', 1, 4),
	(94, 'B', 'RUTA B', 1, 4),
	(95, 'C', 'RUTA C', 1, 4),
	(96, 'D', 'RUTA D', 1, 4),
	(97, 'L', 'LECHUCERO', 1, 4),
	(98, 'X1', 'EXPRESO 01', 1, 4),
	(99, 'X2', 'EXPRESO 02', 1, 4),
	(100, 'X3', 'EXPRESO 03', 1, 4),
	(101, 'X4', 'EXPRESO 04', 1, 4),
	(102, 'X5', 'EXPRESO 05', 1, 4),
	(103, 'X6', 'EXPRESO 06', 1, 4),
	(104, 'X7', 'EXPRESO 07', 1, 4),
	(105, 'X8', 'EXPRESO 08', 1, 4),
	(106, 'X9', 'EXPRESO 09', 1, 4),
	(107, 'SX', 'SUPER EXPRESO', 1, 4),
	(108, 'SXN', 'SUPER EXPRESO NORTE', 1, 4),
	(109, 'ExtraA', 'EXTRAORDINARIO RUTA A', 1, 4),
	(110, 'ExtraB', 'EXTRAORDINARIO RUTA B', 1, 4),
	(111, 'ExtraC', 'EXTRAORDINARIO RUTA C', 1, 4),
	(112, 'ExtraD', 'EXTRAORDINARIO RUTA D', 1, 4),
	(113, 'ExtraX1', 'EXTRAORDINARIO EXPRESO 01', 1, 4),
	(114, 'ExtraX2', 'EXTRAORDINARIO EXPRESO 02', 1, 4),
	(115, 'ExtraX3', 'EXTRAORDINARIO EXPRESO 03', 1, 4),
	(116, 'ExtraX4', 'EXTRAORDINARIO EXPRESO 04', 1, 4),
	(117, 'ExtraX5', 'EXTRAORDINARIO EXPRESO 05', 1, 4),
	(118, 'ExtraX6', 'EXTRAORDINARIO EXPRESO 06', 1, 4),
	(119, 'ExtraX7', 'EXTRAORDINARIO EXPRESO 07', 1, 4),
	(120, 'ExtraX8', 'EXTRAORDINARIO EXPRESO 08', 1, 4),
	(121, 'ExtraX9', 'EXTRAORDINARIO EXPRESO 09', 1, 4),
	(122, 'ExtraSX', 'EXTRAORDINARIO SUPER EXPRESO', 1, 4),
	(123, 'ExtraSXN', 'EXTRAORDINARIO SUPER EXPRESO NORTE', 1, 4),
	(124, 'A', 'RUTA A', 1, 2),
	(125, 'B', 'RUTA B', 1, 2),
	(126, 'C', 'RUTA C', 1, 2),
	(127, 'D', 'RUTA D', 1, 2),
	(128, 'L', 'LECHUCERO', 1, 2),
	(129, 'X1', 'EXPRESO 01', 1, 2),
	(130, 'X2', 'EXPRESO 02', 1, 2),
	(131, 'X3', 'EXPRESO 03', 1, 2),
	(132, 'X4', 'EXPRESO 04', 1, 2),
	(133, 'X5', 'EXPRESO 05', 1, 2),
	(134, 'X6', 'EXPRESO 06', 1, 2),
	(135, 'X7', 'EXPRESO 07', 1, 2),
	(136, 'X8', 'EXPRESO 08', 1, 2),
	(137, 'X9', 'EXPRESO 09', 1, 2),
	(138, 'SX', 'SUPER EXPRESO', 1, 2),
	(139, 'SXN', 'SUPER EXPRESO NORTE', 1, 2),
	(140, 'ExtraA', 'EXTRAORDINARIO RUTA A', 1, 2),
	(141, 'ExtraB', 'EXTRAORDINARIO RUTA B', 1, 2),
	(142, 'ExtraC', 'EXTRAORDINARIO RUTA C', 1, 2),
	(143, 'ExtraD', 'EXTRAORDINARIO RUTA D', 1, 2),
	(144, 'ExtraX1', 'EXTRAORDINARIO EXPRESO 01', 1, 2),
	(145, 'ExtraX2', 'EXTRAORDINARIO EXPRESO 02', 1, 2),
	(146, 'ExtraX3', 'EXTRAORDINARIO EXPRESO 03', 1, 2),
	(147, 'ExtraX4', 'EXTRAORDINARIO EXPRESO 04', 1, 2),
	(148, 'ExtraX5', 'EXTRAORDINARIO EXPRESO 05', 1, 2),
	(149, 'ExtraX6', 'EXTRAORDINARIO EXPRESO 06', 1, 2),
	(150, 'ExtraX7', 'EXTRAORDINARIO EXPRESO 07', 1, 2),
	(151, 'ExtraX8', 'EXTRAORDINARIO EXPRESO 08', 1, 2),
	(152, 'ExtraX9', 'EXTRAORDINARIO EXPRESO 09', 1, 2),
	(153, 'ExtraSX', 'EXTRAORDINARIO SUPER EXPRESO', 1, 2),
	(154, 'ExtraSXN', 'EXTRAORDINARIO SUPER EXPRESO NORTE', 1, 2);

-- Volcando estructura para tabla centro-control.sentido
CREATE TABLE IF NOT EXISTS `sentido` (
  `idsentido` int NOT NULL AUTO_INCREMENT,
  `sentido` varchar(50) DEFAULT NULL,
  PRIMARY KEY (`idsentido`)
) ENGINE=InnoDB DEFAULT CHARSET=utf8mb4 COLLATE=utf8mb4_0900_ai_ci;

-- Volcando datos para la tabla centro-control.sentido: ~7 rows (aproximadamente)
INSERT INTO `sentido` (`idsentido`, `sentido`) VALUES
	(1, 'NORTE-SUR'),
	(2, 'SUR-NORTE'),
	(3, 'ESTE-OESTE'),
	(4, 'OESTE-ESTE'),
	(5, 'PUNTO FINAL-TERMINAL'),
	(6, 'TERMINAL-PUNTO FINAL'),
	(7, 'ESTACIONADO SIN SENTIDO');

-- Volcando estructura para tabla centro-control.sub_categoria
CREATE TABLE IF NOT EXISTS `sub_categoria` (
  `id_subcategoria` int NOT NULL AUTO_INCREMENT,
  `sub_categoria` varchar(50) DEFAULT NULL,
  `categoria` varchar(50) DEFAULT NULL,
  PRIMARY KEY (`id_subcategoria`)
) ENGINE=InnoDB DEFAULT CHARSET=utf8mb4 COLLATE=utf8mb4_0900_ai_ci;

-- Volcando datos para la tabla centro-control.sub_categoria: ~25 rows (aproximadamente)
INSERT INTO `sub_categoria` (`id_subcategoria`, `sub_categoria`, `categoria`) VALUES
	(1, 'BUS VARADO', '1'),
	(2, 'INCIDENCIA', '1'),
	(3, 'ACCIDENTES DE BUS COSAC', '1'),
	(4, 'CHOQUE CON VEHICULO MENOR', '1'),
	(5, 'CHOQUE CON VEHICULO MAYOR', '1'),
	(6, 'CHOQUE Y FUGA', '1'),
	(7, 'RECAUDO BUS', '1'),
	(8, 'BUS VARADO', '2'),
	(9, 'INCIDENCIA', '2'),
	(10, 'ACCIDENTES DE BUS COSAC', '2'),
	(11, 'CHOQUE CON VEHICULO MENOR', '2'),
	(12, 'CHOQUE CON VEHICULO MAYOR', '2'),
	(13, 'CHOQUE Y FUGA', '2'),
	(14, 'RECAUDO BUS', '2'),
	(15, 'SEGURIDAD', '3'),
	(16, 'AGRESIONES', '3'),
	(17, 'CHOQUE DE VEHICULO PARTICULAR CONTRA INFRAESTRUCTU', '4'),
	(18, 'VÍA MIXTA ', '4'),
	(19, 'RECAUDO ESTACIÓN', '5'),
	(20, 'TERMINAL / ESTACION', '5'),
	(21, 'USUARIOS', '5'),
	(22, 'REQUERIMIENTO DE USUARIO', '5'),
	(23, 'SEMÁFORO', '5'),
	(24, 'VEHÍCULOS QUE INVADEN COSAC I', '5'),
	(25, 'OTROS CASOS', '6');

-- Volcando estructura para tabla centro-control.tipo
CREATE TABLE IF NOT EXISTS `tipo` (
  `id_tipo` int NOT NULL AUTO_INCREMENT,
  `tipo` varchar(50) CHARACTER SET utf8mb4 COLLATE utf8mb4_0900_ai_ci DEFAULT NULL,
  `abreviatura_tipo` varchar(3) DEFAULT NULL,
  PRIMARY KEY (`id_tipo`)
) ENGINE=InnoDB DEFAULT CHARSET=utf8mb4 COLLATE=utf8mb4_0900_ai_ci;

-- Volcando datos para la tabla centro-control.tipo: ~2 rows (aproximadamente)
INSERT INTO `tipo` (`id_tipo`, `tipo`, `abreviatura_tipo`) VALUES
	(1, 'TRONCAL', 'TRO'),
	(2, 'ALIMENTADOR', 'ALI');

-- Volcando estructura para tabla centro-control.tipo_kilometraje
CREATE TABLE IF NOT EXISTS `tipo_kilometraje` (
  `idtipo_kilometraje` int NOT NULL AUTO_INCREMENT,
  `tipo_kilometraje` varchar(100) DEFAULT NULL,
  PRIMARY KEY (`idtipo_kilometraje`)
) ENGINE=InnoDB DEFAULT CHARSET=utf8mb4 COLLATE=utf8mb4_0900_ai_ci;

-- Volcando datos para la tabla centro-control.tipo_kilometraje: ~6 rows (aproximadamente)
INSERT INTO `tipo_kilometraje` (`idtipo_kilometraje`, `tipo_kilometraje`) VALUES
	(1, 'ADICIONAL'),
	(2, 'ELIMINADO'),
	(3, 'NO EJECUTA'),
	(4, 'DESVIO +'),
	(5, 'DESVIO -'),
	(6, 'OBSERVADO');

-- Volcando estructura para tabla centro-control.usuarios
CREATE TABLE IF NOT EXISTS `usuarios` (
  `id` int NOT NULL AUTO_INCREMENT,
  `nombre` varchar(50) DEFAULT NULL,
  `rol` varchar(50) DEFAULT NULL,
  `contrasena` varchar(255) DEFAULT NULL,
  PRIMARY KEY (`id`)
) ENGINE=InnoDB AUTO_INCREMENT=27 DEFAULT CHARSET=utf8mb4 COLLATE=utf8mb4_0900_ai_ci;

-- Volcando datos para la tabla centro-control.usuarios: ~26 rows (aproximadamente)
INSERT INTO `usuarios` (`id`, `nombre`, `rol`, `contrasena`) VALUES
	(1, 'melania', 'controlador', '$2y$10$ngvBvvb.WC4oMq.XIjcxYO1ac1ffub2JD9HC4iOVRsXhJ6p7c89xW'),
	(2, 'joel', 'controlador', '$2y$10$ib6S0ZhF0eQCMineHugd2emmKSYm8CwIY8pqplOAj.WIkRwWF02bq'),
	(3, ' melania palomino', 'supervisor', '$2y$10$o7Z.jVP1BUWvZstfr2FkdeMqKc2uN5WsLXzSPCxD8bSZFvEWLg7xy'),
	(4, ' melania palomino', 'supervisor', '$2y$10$GOdg.1/7UYaERHcJcHO98eXWTdgiGhklBmQbFCQ1xezLaeELEthaC'),
	(5, 'sebas romeo', 'controlador', '$2y$10$LPioaVc1mL.WCDfcXUf0d.HgKp7hFip3udqTZBuSK8O7t/3XfijVi'),
	(6, 'ania', 'controlador', '$2y$10$m/Q7rom.sKjO8R7Je9uMn.6xcfHY6CjNVep5F.xYyKOlBsWe/mxpi'),
	(7, 'admin', 'controlador', '$2y$10$TIA1Hei1p7rXoDKVQ32kjuhoK7AIoiazFCSnBJAXpBHVau4fhNSe6'),
	(8, 'javier', 'controlador', '$2y$10$aqX8fJKThZ3XlR6ozF9RueR7KivGKHGjhcXst/Q4MrCFS4agMU4cG'),
	(9, 'javier', 'controlador', '$2y$10$mwCCmnMJ6z9NeFn6FGLCDeR4NoQRCG//9vte3WcRZw5zsbCkyCwqe'),
	(10, 'javier', 'controlador', '$2y$10$Z9N6Mg/yT3ESxJHZ5nLv4OnqK6PrsdNFemRcVt9XtPiextdSZNyM6'),
	(11, 'melania', 'supervisor', '$2y$10$gHBRE01JGn/r4EhEwGLv1euE7//5CMrJ2/suP7V2NxbrkwschUrve'),
	(12, 'javier', 'supervisor', '$2y$10$hCfpnhjfSY.rbvyJOtf91Ox0VbxKPzajwWroV8bePcyEM0PVLa6Tq'),
	(13, 'admin', NULL, '$2y$10$g.pJNqkhA2TzaUP.zmtZdeMGu9PTKu2JkTusthyqI9j44IWAa1WjC'),
	(14, NULL, NULL, '$2y$10$8XHA5jR2TQpfhl2U/BWoYu5JSLctTVdfpCOnlZAjiSuByI/peANoW'),
	(15, NULL, NULL, '$2y$10$u5sXXH2tzi1DQKIvXNs2K.ShcN2ZtaD5BhYu1HlkH14Unxi6XPeLy'),
	(16, NULL, NULL, '$2y$10$XEJf3kuo5HvOlg.WRItuRuBnqoMDefpl.Hq29TSbK1muyyLBgQ7PK'),
	(17, NULL, NULL, '$2y$10$.ycEI31RYGcH0oeF26.Cn.n.1z5.RPF55BlaSh.eU.Pxeh4.nefwa'),
	(18, NULL, NULL, '$2y$10$EeqWtKvi7jLminm.x/yNZ.h470u0CyfBMDrzqA8PdOhWTQwL6nYnC'),
	(19, 'admin', NULL, '$2y$10$B9GmNfG3siyAQc.Xc6.32euHyRcQxcexJuotOdksmGYKTiO/1qanW'),
	(20, 'admin', NULL, '$2y$10$OH9kX7kxqe2BoJW2MhpKYuvlbAuwrshHJUkiHaDZI.efdkmp/Cde2'),
	(21, 'admin', NULL, '$2y$10$8TioUTKSBuHtv2Z2Mjuxu.DuDRynPk8r1KWTLJny7Tu258rN4o3uy'),
	(22, 'melania', NULL, '$2y$10$O3zwb5wQI8p7VZ0LpPEH8uv5InicwD1LxZj/UvC6fJc5pnzbCjHX2'),
	(23, 'melania', NULL, '$2y$10$b9dJPjuGCthRZe0DC.Ki8urBgzLg1KPB2TUdZg5SxvIq2ngDxLC/y'),
	(24, 'melania', NULL, '$2y$10$f94Kykusvn3/JS5VqV4c1OnfEeKwz8RfmQz.vkHdzT5KgirvJPVFK'),
	(25, 'melania', NULL, '$2y$10$fRrIqvOf.gtMHiSApYT6MOiT/1KIrzacWR.wBcagajbm7Lml3JyYy'),
	(26, 'melania', NULL, '$2y$10$IeTZvm.2aABig2Nbo86tHem2yW7kDrqGhAp9kuIzLOctYZt2484TO');

/*!40103 SET TIME_ZONE=IFNULL(@OLD_TIME_ZONE, 'system') */;
/*!40101 SET SQL_MODE=IFNULL(@OLD_SQL_MODE, '') */;
/*!40014 SET FOREIGN_KEY_CHECKS=IFNULL(@OLD_FOREIGN_KEY_CHECKS, 1) */;
/*!40101 SET CHARACTER_SET_CLIENT=@OLD_CHARACTER_SET_CLIENT */;
/*!40111 SET SQL_NOTES=IFNULL(@OLD_SQL_NOTES, 1) */;
