-- --------------------------------------------------------
-- Host:                         127.0.0.1
-- Versión del servidor:         8.0.30 - MySQL Community Server - GPL
-- SO del servidor:              Win64
-- HeidiSQL Versión:             12.1.0.6537
-- --------------------------------------------------------

/*!40101 SET @OLD_CHARACTER_SET_CLIENT=@@CHARACTER_SET_CLIENT */;
/*!40101 SET NAMES utf8 */;
/*!50503 SET NAMES utf8mb4 */;
/*!40103 SET @OLD_TIME_ZONE=@@TIME_ZONE */;
/*!40103 SET TIME_ZONE='+00:00' */;
/*!40014 SET @OLD_FOREIGN_KEY_CHECKS=@@FOREIGN_KEY_CHECKS, FOREIGN_KEY_CHECKS=0 */;
/*!40101 SET @OLD_SQL_MODE=@@SQL_MODE, SQL_MODE='NO_AUTO_VALUE_ON_ZERO' */;
/*!40111 SET @OLD_SQL_NOTES=@@SQL_NOTES, SQL_NOTES=0 */;


-- Volcando estructura de base de datos para centro-control
CREATE DATABASE IF NOT EXISTS `centro-control` /*!40100 DEFAULT CHARACTER SET utf8mb3 */ /*!80016 DEFAULT ENCRYPTION='N' */;
USE `centro-control`;

-- Volcando estructura para tabla centro-control.auditoria
CREATE TABLE IF NOT EXISTS `auditoria` (
  `idauditoria` int NOT NULL AUTO_INCREMENT,
  `fecha` date DEFAULT NULL,
  `hora` time DEFAULT NULL,
  `accion` varchar(45) DEFAULT NULL,
  `usuario` int DEFAULT NULL,
  PRIMARY KEY (`idauditoria`),
  KEY `usuarioFK_idx` (`usuario`)
) ENGINE=InnoDB DEFAULT CHARSET=utf8mb3;

-- Volcando datos para la tabla centro-control.auditoria: ~0 rows (aproximadamente)

-- Volcando estructura para tabla centro-control.bus
CREATE TABLE IF NOT EXISTS `bus` (
  `id_bus` int NOT NULL AUTO_INCREMENT,
  `vid` int NOT NULL,
  `num_externo` varchar(45) DEFAULT NULL,
  `placa` varchar(45) DEFAULT NULL,
  `tamano` varchar(45) DEFAULT NULL,
  `id_consorcio` int DEFAULT NULL,
  `id_tipo` int DEFAULT NULL,
  `tarjeta_propiedad` varchar(45) DEFAULT NULL,
  `revision_tecnica` varchar(45) DEFAULT NULL,
  `certificado_autorizacion` varchar(45) DEFAULT NULL,
  `fecha_fabricacion` date DEFAULT NULL,
  `soat` varchar(45) DEFAULT NULL,
  PRIMARY KEY (`id_bus`,`vid`),
  KEY `id_consorcioFK_idx` (`id_consorcio`),
  KEY `id_tipoFK_idx` (`id_tipo`)
) ENGINE=InnoDB DEFAULT CHARSET=utf8mb3;

-- Volcando datos para la tabla centro-control.bus: ~549 rows (aproximadamente)
INSERT INTO `bus` (`id_bus`, `vid`, `num_externo`, `placa`, `tamano`, `id_consorcio`, `id_tipo`, `tarjeta_propiedad`, `revision_tecnica`, `certificado_autorizacion`, `fecha_fabricacion`, `soat`) VALUES
	(1, 11001, '11010', 'A2F758', NULL, 1, 1, NULL, NULL, NULL, NULL, NULL),
	(2, 11002, '11002', 'A2R767', NULL, 1, 1, NULL, NULL, NULL, NULL, NULL),
	(3, 11003, '11001', 'A2F773', NULL, 1, 1, NULL, NULL, NULL, NULL, NULL),
	(4, 11005, '11007', 'A2I741', NULL, 1, 1, NULL, NULL, NULL, NULL, NULL),
	(5, 11010, '11009', 'A3C781', NULL, 1, 1, NULL, NULL, NULL, NULL, NULL),
	(6, 11011, '11008', 'A2G787', NULL, 1, 1, NULL, NULL, NULL, NULL, NULL),
	(7, 11021, '11014', 'A2F772', NULL, 1, 1, NULL, NULL, NULL, NULL, NULL),
	(8, 11024, '11003', 'A2J785', NULL, 1, 1, NULL, NULL, NULL, NULL, NULL),
	(9, 11027, '11011', 'A2J783', NULL, 1, 1, NULL, NULL, NULL, NULL, NULL),
	(10, 11030, '11004', 'A2L755', NULL, 1, 1, NULL, NULL, NULL, NULL, NULL),
	(11, 11033, '11012', 'A2L754', NULL, 1, 1, NULL, NULL, NULL, NULL, NULL),
	(12, 11036, '11013', 'A2O731', NULL, 1, 1, NULL, NULL, NULL, NULL, NULL),
	(13, 11039, '11006', 'A2J784', NULL, 1, 1, NULL, NULL, NULL, NULL, NULL),
	(14, 11042, '11015', 'A2P794', NULL, 1, 1, NULL, NULL, NULL, NULL, NULL),
	(15, 11045, '11005', 'A2J781', NULL, 1, 1, NULL, NULL, NULL, NULL, NULL),
	(16, 11047, '11016', 'A3C715', NULL, 1, 1, NULL, NULL, NULL, NULL, NULL),
	(17, 11049, '11022', 'A3C707', NULL, 1, 1, NULL, NULL, NULL, NULL, NULL),
	(18, 11051, '11017', 'A3C717', NULL, 1, 1, NULL, NULL, NULL, NULL, NULL),
	(19, 11053, '11023', 'A3C711', NULL, 1, 1, NULL, NULL, NULL, NULL, NULL),
	(20, 11055, '11020', 'A3C704', NULL, 1, 1, NULL, NULL, NULL, NULL, NULL),
	(21, 11057, '11018', 'A3C714', NULL, 1, 1, NULL, NULL, NULL, NULL, NULL),
	(22, 11059, '11021', 'A3C716', NULL, 1, 1, NULL, NULL, NULL, NULL, NULL),
	(23, 11061, '11025', 'A3C712', NULL, 1, 1, NULL, NULL, NULL, NULL, NULL),
	(24, 11063, '11019', 'A3B789', NULL, 1, 1, NULL, NULL, NULL, NULL, NULL),
	(25, 11065, '11024', 'A3B788', NULL, 1, 1, NULL, NULL, NULL, NULL, NULL),
	(26, 11067, '11029', 'A3Q742', NULL, 1, 1, NULL, NULL, NULL, NULL, NULL),
	(27, 11068, '11027', 'A3Q738', NULL, 1, 1, NULL, NULL, NULL, NULL, NULL),
	(28, 11069, '11026', 'A3Q740', NULL, 1, 1, NULL, NULL, NULL, NULL, NULL),
	(29, 11070, '11030', 'A3Q712', NULL, 1, 1, NULL, NULL, NULL, NULL, NULL),
	(30, 11071, '11028', 'A3Q759', NULL, 1, 1, NULL, NULL, NULL, NULL, NULL),
	(31, 11072, '11031', 'A3Q717', NULL, 1, 1, NULL, NULL, NULL, NULL, NULL),
	(32, 11073, '11032', 'A3Q728', NULL, 1, 1, NULL, NULL, NULL, NULL, NULL),
	(33, 11074, '11033', 'A3Q736', NULL, 1, 1, NULL, NULL, NULL, NULL, NULL),
	(34, 11075, '11035', 'A3Q733', NULL, 1, 1, NULL, NULL, NULL, NULL, NULL),
	(35, 11076, '11034', 'A3Q735', NULL, 1, 1, NULL, NULL, NULL, NULL, NULL),
	(36, 11077, '11037', 'A3Q716', NULL, 1, 1, NULL, NULL, NULL, NULL, NULL),
	(37, 11078, '11073', 'A3Q732', NULL, 1, 1, NULL, NULL, NULL, NULL, NULL),
	(38, 11079, '11036', 'A3Q747', NULL, 1, 1, NULL, NULL, NULL, NULL, NULL),
	(39, 11080, '11038', 'A3Q730', NULL, 1, 1, NULL, NULL, NULL, NULL, NULL),
	(40, 11081, '11040', 'A4C791', NULL, 1, 1, NULL, NULL, NULL, NULL, NULL),
	(41, 11082, '11039', 'A3Q714', NULL, 1, 1, NULL, NULL, NULL, NULL, NULL),
	(42, 11083, '11047', 'A4C793', NULL, 1, 1, NULL, NULL, NULL, NULL, NULL),
	(43, 11084, '11043', 'A3Q745', NULL, 1, 1, NULL, NULL, NULL, NULL, NULL),
	(44, 11085, '11042', 'A3Q715', NULL, 1, 1, NULL, NULL, NULL, NULL, NULL),
	(45, 11086, '11041', 'A3Q748', NULL, 1, 1, NULL, NULL, NULL, NULL, NULL),
	(46, 11087, '11044', 'A3Q749', NULL, 1, 1, NULL, NULL, NULL, NULL, NULL),
	(47, 11088, '11060', ' A4O729', NULL, 1, 1, NULL, NULL, NULL, NULL, NULL),
	(48, 11089, '11049', 'A3Q739', NULL, 1, 1, NULL, NULL, NULL, NULL, NULL),
	(49, 11090, '11062', 'A4O728', NULL, 1, 1, NULL, NULL, NULL, NULL, NULL),
	(50, 11091, '11046', 'A3Q737', NULL, 1, 1, NULL, NULL, NULL, NULL, NULL),
	(51, 11092, '11055', 'A4O736', NULL, 1, 1, NULL, NULL, NULL, NULL, NULL),
	(52, 11093, '11045', 'A3Q734', NULL, 1, 1, NULL, NULL, NULL, NULL, NULL),
	(53, 11094, '11048', 'A3Q713', NULL, 1, 1, NULL, NULL, NULL, NULL, NULL),
	(54, 11095, '11050', 'A3Q744', NULL, 1, 1, NULL, NULL, NULL, NULL, NULL),
	(55, 11096, '11054', 'A4N786', NULL, 1, 1, NULL, NULL, NULL, NULL, NULL),
	(56, 11097, '11053', 'A4N736', NULL, 1, 1, NULL, NULL, NULL, NULL, NULL),
	(57, 11098, '11072', 'A4N799', NULL, 1, 1, NULL, NULL, NULL, NULL, NULL),
	(58, 11099, '11057', 'A4N785', NULL, 1, 1, NULL, NULL, NULL, NULL, NULL),
	(59, 11174, '11071', 'A4R714', NULL, 1, 1, NULL, NULL, NULL, NULL, NULL),
	(60, 11177, '11051', 'A3Q755', NULL, 1, 1, NULL, NULL, NULL, NULL, NULL),
	(61, 11178, '11066', 'A4N796', NULL, 1, 1, NULL, NULL, NULL, NULL, NULL),
	(62, 11179, '11070', 'A3Q746', NULL, 1, 1, NULL, NULL, NULL, NULL, NULL),
	(63, 11180, '11068', 'A4R713', NULL, 1, 1, NULL, NULL, NULL, NULL, NULL),
	(64, 11184, '11079', 'A4R716', NULL, 1, 1, NULL, NULL, NULL, NULL, NULL),
	(65, 11185, '11063', 'A3P757', NULL, 1, 1, NULL, NULL, NULL, NULL, NULL),
	(66, 11188, '11064', 'A4R718', NULL, 1, 1, NULL, NULL, NULL, NULL, NULL),
	(67, 11189, '11052', 'A3Q758', NULL, 1, 1, NULL, NULL, NULL, NULL, NULL),
	(68, 11190, '11061', 'A4R712', NULL, 1, 1, NULL, NULL, NULL, NULL, NULL),
	(69, 11192, '11069', 'A4R715', NULL, 1, 1, NULL, NULL, NULL, NULL, NULL),
	(70, 11198, '11067', 'A4N795', NULL, 1, 1, NULL, NULL, NULL, NULL, NULL),
	(71, 11199, '11058', ' A4N798', NULL, 1, 1, NULL, NULL, NULL, NULL, NULL),
	(72, 11202, '11065', 'A4O701', NULL, 1, 1, NULL, NULL, NULL, NULL, NULL),
	(73, 11203, '11056', 'A4N787', NULL, 1, 1, NULL, NULL, NULL, NULL, NULL),
	(74, 11206, '11074', 'A4O700', NULL, 1, 1, NULL, NULL, NULL, NULL, NULL),
	(75, 11209, '11075', ' A5B776', NULL, 1, 1, NULL, NULL, NULL, NULL, NULL),
	(76, 11214, '11078', 'A4R717', NULL, 1, 1, NULL, NULL, NULL, NULL, NULL),
	(77, 11217, '11077', ' A4R711 ', NULL, 1, 1, NULL, NULL, NULL, NULL, NULL),
	(78, 11218, '11076', ' A4O702', NULL, 1, 1, NULL, NULL, NULL, NULL, NULL),
	(79, 21004, '21007', 'A2N723', NULL, 2, 1, NULL, NULL, NULL, NULL, NULL),
	(80, 21006, '21013', 'A2N765', NULL, 2, 1, NULL, NULL, NULL, NULL, NULL),
	(81, 21007, '21003', 'A2O740', NULL, 2, 1, NULL, NULL, NULL, NULL, NULL),
	(82, 21013, '21012', 'A2O741', NULL, 2, 1, NULL, NULL, NULL, NULL, NULL),
	(83, 21015, '21008', 'A2O738', NULL, 2, 1, NULL, NULL, NULL, NULL, NULL),
	(84, 21016, '21010', 'A3D705', NULL, 2, 1, NULL, NULL, NULL, NULL, NULL),
	(85, 21019, '21009', 'A2O733', NULL, 2, 1, NULL, NULL, NULL, NULL, NULL),
	(86, 21022, '21004', 'A2O732', NULL, 2, 1, NULL, NULL, NULL, NULL, NULL),
	(87, 21025, '21005', 'A2N763', NULL, 2, 1, NULL, NULL, NULL, NULL, NULL),
	(88, 21028, '21001', 'A2P793', NULL, 2, 1, NULL, NULL, NULL, NULL, NULL),
	(89, 21031, '21006', 'A2N753', NULL, 2, 1, NULL, NULL, NULL, NULL, NULL),
	(90, 21034, '21014', 'A2N754', NULL, 2, 1, NULL, NULL, NULL, NULL, NULL),
	(91, 21037, '21002', 'A2N755', NULL, 2, 1, NULL, NULL, NULL, NULL, NULL),
	(92, 21040, '21011', 'A2O735', NULL, 2, 1, NULL, NULL, NULL, NULL, NULL),
	(93, 21043, '21015', 'A2N721', NULL, 2, 1, NULL, NULL, NULL, NULL, NULL),
	(94, 21048, '21017', 'A3B793', NULL, 2, 1, NULL, NULL, NULL, NULL, NULL),
	(95, 21101, '21018', 'A3B777', NULL, 2, 1, NULL, NULL, NULL, NULL, NULL),
	(96, 21102, '21016', 'A3B778', NULL, 2, 1, NULL, NULL, NULL, NULL, NULL),
	(97, 21103, '21021', 'A3B785', NULL, 2, 1, NULL, NULL, NULL, NULL, NULL),
	(98, 21104, '21020', 'A3B795', NULL, 2, 1, NULL, NULL, NULL, NULL, NULL),
	(99, 21105, '21019', 'A3B781', NULL, 2, 1, NULL, NULL, NULL, NULL, NULL),
	(100, 21106, '21023', 'A3B794', NULL, 2, 1, NULL, NULL, NULL, NULL, NULL),
	(101, 21107, '21025', 'A3B776', NULL, 2, 1, NULL, NULL, NULL, NULL, NULL),
	(102, 21108, '21022', 'A3B796', NULL, 2, 1, NULL, NULL, NULL, NULL, NULL),
	(103, 21109, '21024', 'A3B790', NULL, 2, 1, NULL, NULL, NULL, NULL, NULL),
	(104, 21110, '21041', 'A5A753', NULL, 2, 1, NULL, NULL, NULL, NULL, NULL),
	(105, 21111, '21052', 'A4S751', NULL, 2, 1, NULL, NULL, NULL, NULL, NULL),
	(106, 21112, '21035', 'A4S752', NULL, 2, 1, NULL, NULL, NULL, NULL, NULL),
	(107, 21113, '21056', 'A4S746', NULL, 2, 1, NULL, NULL, NULL, NULL, NULL),
	(108, 21114, '21045', 'A4S732', NULL, 2, 1, NULL, NULL, NULL, NULL, NULL),
	(109, 21115, '21030', 'A4S790', NULL, 2, 1, NULL, NULL, NULL, NULL, NULL),
	(110, 21116, '21034', 'A5B780', NULL, 2, 1, NULL, NULL, NULL, NULL, NULL),
	(111, 21117, '21048', 'A4S761', NULL, 2, 1, NULL, NULL, NULL, NULL, NULL),
	(112, 21118, '21057', 'A5S755', NULL, 2, 1, NULL, NULL, NULL, NULL, NULL),
	(113, 21119, '21026', 'A4S748', NULL, 2, 1, NULL, NULL, NULL, NULL, NULL),
	(114, 21120, '21027', 'A5A754', NULL, 2, 1, NULL, NULL, NULL, NULL, NULL),
	(115, 21121, '21033', 'A4S784', NULL, 2, 1, NULL, NULL, NULL, NULL, NULL),
	(116, 21122, '21049', 'A5B781', NULL, 2, 1, NULL, NULL, NULL, NULL, NULL),
	(117, 21123, '21032', 'A4S785', NULL, 2, 1, NULL, NULL, NULL, NULL, NULL),
	(118, 21124, '21074', 'A5X727', NULL, 2, 1, NULL, NULL, NULL, NULL, NULL),
	(119, 21125, '21047', 'A4S783', NULL, 2, 1, NULL, NULL, NULL, NULL, NULL),
	(120, 21126, '21044', 'A5A758', NULL, 2, 1, NULL, NULL, NULL, NULL, NULL),
	(121, 21127, '21050', 'A4S786', NULL, 2, 1, NULL, NULL, NULL, NULL, NULL),
	(122, 21128, '21042', 'A4S763', NULL, 2, 1, NULL, NULL, NULL, NULL, NULL),
	(123, 21129, '21029', 'A5B778', NULL, 2, 1, NULL, NULL, NULL, NULL, NULL),
	(124, 21130, '21036', 'A5X731', NULL, 2, 1, NULL, NULL, NULL, NULL, NULL),
	(125, 21131, '21040', 'A4S762', NULL, 2, 1, NULL, NULL, NULL, NULL, NULL),
	(126, 21132, '21068', 'A5B779', NULL, 2, 1, NULL, NULL, NULL, NULL, NULL),
	(127, 21133, '21062', 'A4S759', NULL, 2, 1, NULL, NULL, NULL, NULL, NULL),
	(128, 21134, '21046', 'A5B782', NULL, 2, 1, NULL, NULL, NULL, NULL, NULL),
	(129, 21135, '21043', 'A5X732', NULL, 2, 1, NULL, NULL, NULL, NULL, NULL),
	(130, 21136, '21063', 'A5X736', NULL, 2, 1, NULL, NULL, NULL, NULL, NULL),
	(131, 21137, '21070', 'A4S749', NULL, 2, 1, NULL, NULL, NULL, NULL, NULL),
	(132, 21138, '21031', 'A5V743', NULL, 2, 1, NULL, NULL, NULL, NULL, NULL),
	(133, 21139, '21038', 'A4S750', NULL, 2, 1, NULL, NULL, NULL, NULL, NULL),
	(134, 21140, '21069', 'A5U721', NULL, 2, 1, NULL, NULL, NULL, NULL, NULL),
	(135, 21141, '21060', 'A6E725', NULL, 2, 1, NULL, NULL, NULL, NULL, NULL),
	(136, 21142, '21028', 'A5V720', NULL, 2, 1, NULL, NULL, NULL, NULL, NULL),
	(137, 21143, '21037', 'A6E724', NULL, 2, 1, NULL, NULL, NULL, NULL, NULL),
	(138, 21144, '21071', 'A6J708', NULL, 2, 1, NULL, NULL, NULL, NULL, NULL),
	(139, 21145, '21039', 'A5W708', NULL, 2, 1, NULL, NULL, NULL, NULL, NULL),
	(140, 21146, '21067', 'A5V754', NULL, 2, 1, NULL, NULL, NULL, NULL, NULL),
	(141, 21147, '21076', 'A5V736', NULL, 2, 1, NULL, NULL, NULL, NULL, NULL),
	(142, 21148, '21064', 'A5W707', NULL, 2, 1, NULL, NULL, NULL, NULL, NULL),
	(143, 21149, '21079', 'A5X728', NULL, 2, 1, NULL, NULL, NULL, NULL, NULL),
	(144, 21150, '21054', 'A5R710', NULL, 2, 1, NULL, NULL, NULL, NULL, NULL),
	(145, 21151, '21072', 'A5S725', NULL, 2, 1, NULL, NULL, NULL, NULL, NULL),
	(146, 21152, '21059', 'A5X726', NULL, 2, 1, NULL, NULL, NULL, NULL, NULL),
	(147, 21154, '21051', 'A5R711', NULL, 2, 1, NULL, NULL, NULL, NULL, NULL),
	(148, 21155, '21058', 'A4R767', NULL, 2, 1, NULL, NULL, NULL, NULL, NULL),
	(149, 21156, '21075', 'A5R766', NULL, 2, 1, NULL, NULL, NULL, NULL, NULL),
	(150, 21157, '21065', 'A5U723', NULL, 2, 1, NULL, NULL, NULL, NULL, NULL),
	(151, 21158, '21053', 'A5V755', NULL, 2, 1, NULL, NULL, NULL, NULL, NULL),
	(152, 21159, '21078', 'A5V799', NULL, 2, 1, NULL, NULL, NULL, NULL, NULL),
	(153, 21160, '21066', 'A6G729', NULL, 2, 1, NULL, NULL, NULL, NULL, NULL),
	(154, 21161, '21077', 'A5S766', NULL, 2, 1, NULL, NULL, NULL, NULL, NULL),
	(155, 21162, '21061', 'A6G731', NULL, 2, 1, NULL, NULL, NULL, NULL, NULL),
	(156, 21164, '21073', 'A5S702', NULL, 2, 1, NULL, NULL, NULL, NULL, NULL),
	(157, 31001, 'T001', 'A3A714', NULL, 3, 1, NULL, NULL, NULL, NULL, NULL),
	(158, 31002, 'T002', 'A2Z799', NULL, 3, 1, NULL, NULL, NULL, NULL, NULL),
	(159, 31003, 'T003', 'A3A724', NULL, 3, 1, NULL, NULL, NULL, NULL, NULL),
	(160, 31004, 'T004', 'A3A747', NULL, 3, 1, NULL, NULL, NULL, NULL, NULL),
	(161, 31005, 'T005', 'A3A767', NULL, 3, 1, NULL, NULL, NULL, NULL, NULL),
	(162, 31006, 'T006', 'A3A759', NULL, 3, 1, NULL, NULL, NULL, NULL, NULL),
	(163, 31007, 'T007', 'A3A712', NULL, 3, 1, NULL, NULL, NULL, NULL, NULL),
	(164, 31008, 'T008', 'A3A769', NULL, 3, 1, NULL, NULL, NULL, NULL, NULL),
	(165, 31009, 'T009', 'A3A715', NULL, 3, 1, NULL, NULL, NULL, NULL, NULL),
	(166, 31010, 'T010', 'A3A768', NULL, 3, 1, NULL, NULL, NULL, NULL, NULL),
	(167, 31011, 'T011', 'A2O785', NULL, 3, 1, NULL, NULL, NULL, NULL, NULL),
	(168, 31012, 'T012', 'A3A700', NULL, 3, 1, NULL, NULL, NULL, NULL, NULL),
	(169, 31013, 'T013', 'A3A732', NULL, 3, 1, NULL, NULL, NULL, NULL, NULL),
	(170, 31014, 'T014', 'A3A716', NULL, 3, 1, NULL, NULL, NULL, NULL, NULL),
	(171, 31015, 'T015', 'A2N749', NULL, 3, 1, NULL, NULL, NULL, NULL, NULL),
	(172, 31016, 'T016', 'A2N747', NULL, 3, 1, NULL, NULL, NULL, NULL, NULL),
	(173, 31017, 'T017', 'A2N744', NULL, 3, 1, NULL, NULL, NULL, NULL, NULL),
	(174, 31018, 'T018', 'A3A751', NULL, 3, 1, NULL, NULL, NULL, NULL, NULL),
	(175, 31019, 'T019', 'A3A758', NULL, 3, 1, NULL, NULL, NULL, NULL, NULL),
	(176, 31020, 'T020', 'A3A761', NULL, 3, 1, NULL, NULL, NULL, NULL, NULL),
	(177, 31021, 'T021', 'A3A791', NULL, 3, 1, NULL, NULL, NULL, NULL, NULL),
	(178, 31022, 'T022', 'A3A721', NULL, 3, 1, NULL, NULL, NULL, NULL, NULL),
	(179, 31023, 'T023', 'A2O788', NULL, 3, 1, NULL, NULL, NULL, NULL, NULL),
	(180, 31024, 'T024', 'A2O786', NULL, 3, 1, NULL, NULL, NULL, NULL, NULL),
	(181, 31025, 'T025', 'A3A788', NULL, 3, 1, NULL, NULL, NULL, NULL, NULL),
	(182, 31026, 'T026', 'A3A719', NULL, 3, 1, NULL, NULL, NULL, NULL, NULL),
	(183, 31027, 'T027', 'A2O787', NULL, 3, 1, NULL, NULL, NULL, NULL, NULL),
	(184, 31028, 'T028', 'A3A766', NULL, 3, 1, NULL, NULL, NULL, NULL, NULL),
	(185, 31029, 'T029', 'A3A762', NULL, 3, 1, NULL, NULL, NULL, NULL, NULL),
	(186, 31030, 'T030', 'A3A771', NULL, 3, 1, NULL, NULL, NULL, NULL, NULL),
	(187, 31031, 'T031', 'A3A772', NULL, 3, 1, NULL, NULL, NULL, NULL, NULL),
	(188, 31032, 'T032', 'A3A781', NULL, 3, 1, NULL, NULL, NULL, NULL, NULL),
	(189, 31033, 'T033', 'A2X726', NULL, 3, 1, NULL, NULL, NULL, NULL, NULL),
	(190, 31034, 'T034', 'A2X725', NULL, 3, 1, NULL, NULL, NULL, NULL, NULL),
	(191, 31035, 'T035', 'A3A770', NULL, 3, 1, NULL, NULL, NULL, NULL, NULL),
	(192, 31036, 'T036', 'A3A792', NULL, 3, 1, NULL, NULL, NULL, NULL, NULL),
	(193, 31037, 'T037', 'A2N746', NULL, 3, 1, NULL, NULL, NULL, NULL, NULL),
	(194, 31038, 'T038', 'A3A729', NULL, 3, 1, NULL, NULL, NULL, NULL, NULL),
	(195, 31039, 'T039', 'A3A718', NULL, 3, 1, NULL, NULL, NULL, NULL, NULL),
	(196, 31040, 'T040', 'A3A726', NULL, 3, 1, NULL, NULL, NULL, NULL, NULL),
	(197, 31041, 'T041', 'A2O784', NULL, 3, 1, NULL, NULL, NULL, NULL, NULL),
	(198, 31042, 'T042', 'A3A750', NULL, 3, 1, NULL, NULL, NULL, NULL, NULL),
	(199, 31043, 'T043', 'A3A722', NULL, 3, 1, NULL, NULL, NULL, NULL, NULL),
	(200, 31044, 'T044', 'A3L732', NULL, 3, 1, NULL, NULL, NULL, NULL, NULL),
	(201, 31045, 'T045', 'A3A789', NULL, 3, 1, NULL, NULL, NULL, NULL, NULL),
	(202, 31046, 'T046', 'A3A752', NULL, 3, 1, NULL, NULL, NULL, NULL, NULL),
	(203, 31047, 'T047', 'A3A755', NULL, 3, 1, NULL, NULL, NULL, NULL, NULL),
	(204, 31048, 'T048', 'A3L740', NULL, 3, 1, NULL, NULL, NULL, NULL, NULL),
	(205, 31049, 'T049', 'A2N743', NULL, 3, 1, NULL, NULL, NULL, NULL, NULL),
	(206, 31050, 'T050', 'A3A790', NULL, 3, 1, NULL, NULL, NULL, NULL, NULL),
	(207, 31051, 'T051', 'A2O783', NULL, 3, 1, NULL, NULL, NULL, NULL, NULL),
	(208, 31052, 'T052', 'A3A723', NULL, 3, 1, NULL, NULL, NULL, NULL, NULL),
	(209, 31053, 'T053', 'A2N745', NULL, 3, 1, NULL, NULL, NULL, NULL, NULL),
	(210, 31054, 'T054', 'A3L730', NULL, 3, 1, NULL, NULL, NULL, NULL, NULL),
	(211, 31055, 'T055', 'A3A753', NULL, 3, 1, NULL, NULL, NULL, NULL, NULL),
	(212, 31056, 'T056', 'A3A731', NULL, 3, 1, NULL, NULL, NULL, NULL, NULL),
	(213, 31057, 'T057', 'A2N741', NULL, 3, 1, NULL, NULL, NULL, NULL, NULL),
	(214, 31058, 'T058', 'A3A748', NULL, 3, 1, NULL, NULL, NULL, NULL, NULL),
	(215, 31059, 'T059', 'A3A720', NULL, 3, 1, NULL, NULL, NULL, NULL, NULL),
	(216, 31060, 'T060', 'A3A765', NULL, 3, 1, NULL, NULL, NULL, NULL, NULL),
	(217, 31061, 'T061', 'A3L733', NULL, 3, 1, NULL, NULL, NULL, NULL, NULL),
	(218, 31062, 'T062', 'A2Z798', NULL, 3, 1, NULL, NULL, NULL, NULL, NULL),
	(219, 31063, 'T063', 'A3A780', NULL, 3, 1, NULL, NULL, NULL, NULL, NULL),
	(220, 31064, 'T064', 'A2N748', NULL, 3, 1, NULL, NULL, NULL, NULL, NULL),
	(221, 31065, 'T065', 'A2X723', NULL, 3, 1, NULL, NULL, NULL, NULL, NULL),
	(222, 31066, 'T066', 'A3A754', NULL, 3, 1, NULL, NULL, NULL, NULL, NULL),
	(223, 31067, 'T067', 'A3A744', NULL, 3, 1, NULL, NULL, NULL, NULL, NULL),
	(224, 31068, 'T068', 'A3A733', NULL, 3, 1, NULL, NULL, NULL, NULL, NULL),
	(225, 31069, 'T069', 'A2N740', NULL, 3, 1, NULL, NULL, NULL, NULL, NULL),
	(226, 31070, 'T070', 'A3A749', NULL, 3, 1, NULL, NULL, NULL, NULL, NULL),
	(227, 31071, 'T071', 'A3A779', NULL, 3, 1, NULL, NULL, NULL, NULL, NULL),
	(228, 31072, 'T072', 'A3A773', NULL, 3, 1, NULL, NULL, NULL, NULL, NULL),
	(229, 31073, 'T073', 'A2X712', NULL, 3, 1, NULL, NULL, NULL, NULL, NULL),
	(230, 31074, 'T074', 'A3A702', NULL, 3, 1, NULL, NULL, NULL, NULL, NULL),
	(231, 31075, 'T075', 'A3A725', NULL, 3, 1, NULL, NULL, NULL, NULL, NULL),
	(232, 31076, 'T076', 'A3A736', NULL, 3, 1, NULL, NULL, NULL, NULL, NULL),
	(233, 31077, 'T077', 'A2N742', NULL, 3, 1, NULL, NULL, NULL, NULL, NULL),
	(234, 31078, 'T078', 'A3G765', NULL, 3, 1, NULL, NULL, NULL, NULL, NULL),
	(235, 41001, '41001', 'A5U725', NULL, 4, 1, NULL, NULL, NULL, NULL, NULL),
	(236, 41002, '41002', 'A4R761', NULL, 4, 1, NULL, NULL, NULL, NULL, NULL),
	(237, 41003, '41003', 'A4P700', NULL, 4, 1, NULL, NULL, NULL, NULL, NULL),
	(238, 41004, '41004', 'A4P701', NULL, 4, 1, NULL, NULL, NULL, NULL, NULL),
	(239, 41005, '41005', 'A4R757', NULL, 4, 1, NULL, NULL, NULL, NULL, NULL),
	(240, 41006, '41006', 'A4P703', NULL, 4, 1, NULL, NULL, NULL, NULL, NULL),
	(241, 41007, '41007', 'A4O797', NULL, 4, 1, NULL, NULL, NULL, NULL, NULL),
	(242, 41008, '41008', 'A2N707', NULL, 4, 1, NULL, NULL, NULL, NULL, NULL),
	(243, 41009, '41009', 'A2K796', NULL, 4, 1, NULL, NULL, NULL, NULL, NULL),
	(244, 41010, '41010', 'A4R759', NULL, 4, 1, NULL, NULL, NULL, NULL, NULL),
	(245, 41011, '41011', 'A4R767', NULL, 4, 1, NULL, NULL, NULL, NULL, NULL),
	(246, 41012, '41012', 'A2N709', NULL, 4, 1, NULL, NULL, NULL, NULL, NULL),
	(247, 41013, '41013', 'A4R758', NULL, 4, 1, NULL, NULL, NULL, NULL, NULL),
	(248, 41014, '41014', 'A2L705', NULL, 4, 1, NULL, NULL, NULL, NULL, NULL),
	(249, 41015, '41015', 'A4R768', NULL, 4, 1, NULL, NULL, NULL, NULL, NULL),
	(250, 41016, '41016', 'A4O799', NULL, 4, 1, NULL, NULL, NULL, NULL, NULL),
	(251, 41017, '41017', 'A2N738', NULL, 4, 1, NULL, NULL, NULL, NULL, NULL),
	(252, 41018, '41018', 'A2K755', NULL, 4, 1, NULL, NULL, NULL, NULL, NULL),
	(253, 41019, '41019', 'A4P705', NULL, 4, 1, NULL, NULL, NULL, NULL, NULL),
	(254, 41020, '41020', 'A2K747', NULL, 4, 1, NULL, NULL, NULL, NULL, NULL),
	(255, 41021, '41021', 'A4P717', NULL, 4, 1, NULL, NULL, NULL, NULL, NULL),
	(256, 41022, '41022', 'A3O795', NULL, 4, 1, NULL, NULL, NULL, NULL, NULL),
	(257, 41023, '41023', 'A2K797', NULL, 4, 1, NULL, NULL, NULL, NULL, NULL),
	(258, 41024, '41024', 'A4P718', NULL, 4, 1, NULL, NULL, NULL, NULL, NULL),
	(259, 41025, '41025', 'A4P719', NULL, 4, 1, NULL, NULL, NULL, NULL, NULL),
	(260, 41026, '41026', 'A2N737', NULL, 4, 1, NULL, NULL, NULL, NULL, NULL),
	(261, 41027, '41027', 'A4R776', NULL, 4, 1, NULL, NULL, NULL, NULL, NULL),
	(262, 41028, '41028', 'A4Q794', NULL, 4, 1, NULL, NULL, NULL, NULL, NULL),
	(263, 41029, '41029', 'A2L711', NULL, 4, 1, NULL, NULL, NULL, NULL, NULL),
	(264, 41030, '41030', 'A4R796', NULL, 4, 1, NULL, NULL, NULL, NULL, NULL),
	(265, 41031, '41031', 'A4R775', NULL, 4, 1, NULL, NULL, NULL, NULL, NULL),
	(266, 41032, '41032', 'A2N722', NULL, 4, 1, NULL, NULL, NULL, NULL, NULL),
	(267, 41033, '41033', 'A4R774', NULL, 4, 1, NULL, NULL, NULL, NULL, NULL),
	(268, 41034, '41034', 'A4R771', NULL, 4, 1, NULL, NULL, NULL, NULL, NULL),
	(269, 41035, '41035', 'A2O726', NULL, 4, 1, NULL, NULL, NULL, NULL, NULL),
	(270, 41036, '41036', 'A4R772', NULL, 4, 1, NULL, NULL, NULL, NULL, NULL),
	(271, 41037, '41037', 'A4O798', NULL, 4, 1, NULL, NULL, NULL, NULL, NULL),
	(272, 41038, '41038', 'A2N724', NULL, 4, 1, NULL, NULL, NULL, NULL, NULL),
	(273, 41039, '41039', 'A4R773', NULL, 4, 1, NULL, NULL, NULL, NULL, NULL),
	(274, 41040, '41040', 'A4P731', NULL, 4, 1, NULL, NULL, NULL, NULL, NULL),
	(275, 41041, '41041', 'A2O729', NULL, 4, 1, NULL, NULL, NULL, NULL, NULL),
	(276, 41042, '41042', 'A4P750', NULL, 4, 1, NULL, NULL, NULL, NULL, NULL),
	(277, 41043, '41043', 'A4P733', NULL, 4, 1, NULL, NULL, NULL, NULL, NULL),
	(278, 41044, '41044', 'A2O728', NULL, 4, 1, NULL, NULL, NULL, NULL, NULL),
	(279, 41045, '41045', 'A4P734', NULL, 4, 1, NULL, NULL, NULL, NULL, NULL),
	(280, 41046, '41046', 'A3H760', NULL, 4, 1, NULL, NULL, NULL, NULL, NULL),
	(281, 41047, '41047', 'A4R770', NULL, 4, 1, NULL, NULL, NULL, NULL, NULL),
	(282, 41048, '41048', 'A4P770', NULL, 4, 1, NULL, NULL, NULL, NULL, NULL),
	(283, 41049, '41049', 'A4P771', NULL, 4, 1, NULL, NULL, NULL, NULL, NULL),
	(284, 41050, '41050', 'A3H755', NULL, 4, 1, NULL, NULL, NULL, NULL, NULL),
	(285, 41051, '41051', 'A4R769', NULL, 4, 1, NULL, NULL, NULL, NULL, NULL),
	(286, 41052, '41052', 'A3I741', NULL, 4, 1, NULL, NULL, NULL, NULL, NULL),
	(287, 41053, '41053', 'A4P772', NULL, 4, 1, NULL, NULL, NULL, NULL, NULL),
	(288, 41054, '41054', 'A3I703', NULL, 4, 1, NULL, NULL, NULL, NULL, NULL),
	(289, 41055, '41055', 'A4P773', NULL, 4, 1, NULL, NULL, NULL, NULL, NULL),
	(290, 41056, '41056', 'A3I740', NULL, 4, 1, NULL, NULL, NULL, NULL, NULL),
	(291, 41057, '41057', 'A5O761', NULL, 4, 1, NULL, NULL, NULL, NULL, NULL),
	(292, 41058, '41058', 'A3I742', NULL, 4, 1, NULL, NULL, NULL, NULL, NULL),
	(293, 41059, '41059', 'A5P749', NULL, 4, 1, NULL, NULL, NULL, NULL, NULL),
	(294, 41060, '41060', 'A3H764', NULL, 4, 1, NULL, NULL, NULL, NULL, NULL),
	(295, 41061, '41061', 'A5O764', NULL, 4, 1, NULL, NULL, NULL, NULL, NULL),
	(296, 41062, '41062', 'A3I710', NULL, 4, 1, NULL, NULL, NULL, NULL, NULL),
	(297, 41063, '41063', 'A5O748', NULL, 4, 1, NULL, NULL, NULL, NULL, NULL),
	(298, 41064, '41064', 'A3I705', NULL, 4, 1, NULL, NULL, NULL, NULL, NULL),
	(299, 41065, '41065', 'A5O750', NULL, 4, 1, NULL, NULL, NULL, NULL, NULL),
	(300, 41066, '41066', 'A3H757', NULL, 4, 1, NULL, NULL, NULL, NULL, NULL),
	(301, 41067, '41067', 'A5V735', NULL, 4, 1, NULL, NULL, NULL, NULL, NULL),
	(302, 41068, '41068', 'A4P769', NULL, 4, 1, NULL, NULL, NULL, NULL, NULL),
	(303, 41069, '41069', 'A5V710', NULL, 4, 1, NULL, NULL, NULL, NULL, NULL),
	(304, 21080, '21080', 'A6G733', NULL, 4, 1, NULL, NULL, NULL, NULL, NULL),
	(305, 21081, '21081', 'A6G730', NULL, 4, 1, NULL, NULL, NULL, NULL, NULL),
	(306, 21082, '21082', 'A5V742', NULL, 4, 1, NULL, NULL, NULL, NULL, NULL),
	(307, 41070, '41070', 'A4Y773', NULL, 4, 1, NULL, NULL, NULL, NULL, NULL),
	(308, 41071, '41071', 'A5U724', NULL, 4, 1, NULL, NULL, NULL, NULL, NULL),
	(309, 41072, '41072', 'A4P744', NULL, 4, 1, NULL, NULL, NULL, NULL, NULL),
	(310, 41073, '41073', 'A5V708', NULL, 4, 1, NULL, NULL, NULL, NULL, NULL),
	(311, 41074, '41074', 'A4P745', NULL, 4, 1, NULL, NULL, NULL, NULL, NULL),
	(312, 41075, '41075', 'A6D740', NULL, 4, 1, NULL, NULL, NULL, NULL, NULL),
	(313, 41076, '41076', 'A4P743', NULL, 4, 1, NULL, NULL, NULL, NULL, NULL),
	(314, 41077, '41077', 'A5V738', NULL, 4, 1, NULL, NULL, NULL, NULL, NULL),
	(315, 41078, '41078', 'A4O776', NULL, 4, 1, NULL, NULL, NULL, NULL, NULL),
	(316, 41079, '41079', 'A7Z700', NULL, 4, 1, NULL, NULL, NULL, NULL, NULL),
	(317, 41080, '41080', 'A4R762', NULL, 4, 1, NULL, NULL, NULL, NULL, NULL),
	(318, 12005, '12021', 'A2A754', NULL, 1, 2, NULL, NULL, NULL, NULL, NULL),
	(319, 12006, '12020', 'A2E772', NULL, 1, 2, NULL, NULL, NULL, NULL, NULL),
	(320, 12007, '12035', 'A2E773', NULL, 1, 2, NULL, NULL, NULL, NULL, NULL),
	(321, 12008, '12036', 'A2A752', NULL, 1, 2, NULL, NULL, NULL, NULL, NULL),
	(322, 12009, '12023', 'A2C745', NULL, 1, 2, NULL, NULL, NULL, NULL, NULL),
	(323, 12010, '12033', 'A2B771', NULL, 1, 2, NULL, NULL, NULL, NULL, NULL),
	(324, 12023, '12022', 'A2A703', NULL, 1, 2, NULL, NULL, NULL, NULL, NULL),
	(325, 12024, '12037', 'A2A760', NULL, 1, 2, NULL, NULL, NULL, NULL, NULL),
	(326, 12025, '12009', 'A2A759', NULL, 1, 2, NULL, NULL, NULL, NULL, NULL),
	(327, 12026, '12001', 'A2A763', NULL, 1, 2, NULL, NULL, NULL, NULL, NULL),
	(328, 12027, '12014', 'A2A758', NULL, 1, 2, NULL, NULL, NULL, NULL, NULL),
	(329, 12031, '12016', 'A2C702', NULL, 1, 2, NULL, NULL, NULL, NULL, NULL),
	(330, 12033, '12013', 'A2C743', NULL, 1, 2, NULL, NULL, NULL, NULL, NULL),
	(331, 12035, '12008', 'A2C737', NULL, 1, 2, NULL, NULL, NULL, NULL, NULL),
	(332, 12036, '12005', 'A2C742', NULL, 1, 2, NULL, NULL, NULL, NULL, NULL),
	(333, 12037, '12007', 'A2C715', NULL, 1, 2, NULL, NULL, NULL, NULL, NULL),
	(334, 12038, '12026', 'A2C736', NULL, 1, 2, NULL, NULL, NULL, NULL, NULL),
	(335, 12039, '12003', 'A2A753', NULL, 1, 2, NULL, NULL, NULL, NULL, NULL),
	(336, 12040, '12025', 'A2A755', NULL, 1, 2, NULL, NULL, NULL, NULL, NULL),
	(337, 12041, '12024', 'A2A756', NULL, 1, 2, NULL, NULL, NULL, NULL, NULL),
	(338, 12042, '12027', 'A2A715', NULL, 1, 2, NULL, NULL, NULL, NULL, NULL),
	(339, 12043, '12030', 'A2B773', NULL, 1, 2, NULL, NULL, NULL, NULL, NULL),
	(340, 12044, '12034', 'A2B772', NULL, 1, 2, NULL, NULL, NULL, NULL, NULL),
	(341, 12045, '12011', 'A2B774', NULL, 1, 2, NULL, NULL, NULL, NULL, NULL),
	(342, 12046, '12006', 'A2C739', NULL, 1, 2, NULL, NULL, NULL, NULL, NULL),
	(343, 12047, '12010', 'A2A765', NULL, 1, 2, NULL, NULL, NULL, NULL, NULL),
	(344, 12048, '12018', 'A2C746', NULL, 1, 2, NULL, NULL, NULL, NULL, NULL),
	(345, 12049, '12017', 'A2C741', NULL, 1, 2, NULL, NULL, NULL, NULL, NULL),
	(346, 12050, '12015', 'A2A705', NULL, 1, 2, NULL, NULL, NULL, NULL, NULL),
	(347, 12052, '12004', 'A2A704', NULL, 1, 2, NULL, NULL, NULL, NULL, NULL),
	(348, 12053, '12028', 'A2A706', NULL, 1, 2, NULL, NULL, NULL, NULL, NULL),
	(349, 12055, '12032', 'A2A764', NULL, 1, 2, NULL, NULL, NULL, NULL, NULL),
	(350, 12056, '12029', 'A2A762', NULL, 1, 2, NULL, NULL, NULL, NULL, NULL),
	(351, 12057, '12019', 'A2C756', NULL, 1, 2, NULL, NULL, NULL, NULL, NULL),
	(352, 12058, '12031', 'A2C701', NULL, 1, 2, NULL, NULL, NULL, NULL, NULL),
	(353, 12059, '12012', 'A2C752', NULL, 1, 2, NULL, NULL, NULL, NULL, NULL),
	(354, 12060, '12002', 'A2C716', NULL, 1, 2, NULL, NULL, NULL, NULL, NULL),
	(355, 12181, '12039', 'A5V724', NULL, 1, 2, NULL, NULL, NULL, NULL, NULL),
	(356, 12182, '12041', 'A5V726', NULL, 1, 2, NULL, NULL, NULL, NULL, NULL),
	(357, 12183, '12040', 'A5V725', NULL, 1, 2, NULL, NULL, NULL, NULL, NULL),
	(358, 22002, '22050', 'A5S770', NULL, 2, 2, NULL, NULL, NULL, NULL, NULL),
	(359, 22011, '22003', 'A5S767', NULL, 2, 2, NULL, NULL, NULL, NULL, NULL),
	(360, 22012, '22029', 'A5S768', NULL, 2, 2, NULL, NULL, NULL, NULL, NULL),
	(361, 22015, '22002', 'A5S771', NULL, 2, 2, NULL, NULL, NULL, NULL, NULL),
	(362, 22016, '22004', 'A5R798', NULL, 2, 2, NULL, NULL, NULL, NULL, NULL),
	(363, 22019, '22008', 'A5R762', NULL, 2, 2, NULL, NULL, NULL, NULL, NULL),
	(364, 22028, '22036', 'A5R759', NULL, 2, 2, NULL, NULL, NULL, NULL, NULL),
	(365, 22029, '22012', 'A5R768', NULL, 2, 2, NULL, NULL, NULL, NULL, NULL),
	(366, 22034, '22021', 'A5R761', NULL, 2, 2, NULL, NULL, NULL, NULL, NULL),
	(367, 22062, '22040', 'A6C786', NULL, 2, 2, NULL, NULL, NULL, NULL, NULL),
	(368, 22066, '22001', 'A2O734', NULL, 2, 2, NULL, NULL, NULL, NULL, NULL),
	(369, 22067, '22028', 'A6C788', NULL, 2, 2, NULL, NULL, NULL, NULL, NULL),
	(370, 22071, '22007', 'A5R787', NULL, 2, 2, NULL, NULL, NULL, NULL, NULL),
	(371, 22075, '22005', 'A6C789', NULL, 2, 2, NULL, NULL, NULL, NULL, NULL),
	(372, 22078, '22020', 'A5S705', NULL, 2, 2, NULL, NULL, NULL, NULL, NULL),
	(373, 22082, '22016', 'A6G734', NULL, 2, 2, NULL, NULL, NULL, NULL, NULL),
	(374, 22086, '22025', 'A5R797', NULL, 2, 2, NULL, NULL, NULL, NULL, NULL),
	(375, 22087, '22018', 'A5R777', NULL, 2, 2, NULL, NULL, NULL, NULL, NULL),
	(376, 22091, '22019', 'A6C791', NULL, 2, 2, NULL, NULL, NULL, NULL, NULL),
	(377, 22094, '22014', 'A5S707', NULL, 2, 2, NULL, NULL, NULL, NULL, NULL),
	(378, 22095, '22013', 'A5S703', NULL, 2, 2, NULL, NULL, NULL, NULL, NULL),
	(379, 22098, '22042', 'A6C762', NULL, 2, 2, NULL, NULL, NULL, NULL, NULL),
	(380, 22099, '22031', 'A6C764', NULL, 2, 2, NULL, NULL, NULL, NULL, NULL),
	(381, 22103, '22024', 'A5S708', NULL, 2, 2, NULL, NULL, NULL, NULL, NULL),
	(382, 22104, '22026', 'A6C760', NULL, 2, 2, NULL, NULL, NULL, NULL, NULL),
	(383, 22107, '22030', 'A6C761', NULL, 2, 2, NULL, NULL, NULL, NULL, NULL),
	(384, 22108, '22017', 'A6C763', NULL, 2, 2, NULL, NULL, NULL, NULL, NULL),
	(385, 22111, '22009', 'A5R758', NULL, 2, 2, NULL, NULL, NULL, NULL, NULL),
	(386, 22112, '22010', 'A5R793', NULL, 2, 2, NULL, NULL, NULL, NULL, NULL),
	(387, 22119, '22011', 'A5S726', NULL, 2, 2, NULL, NULL, NULL, NULL, NULL),
	(388, 22120, '22034', 'A5R791', NULL, 2, 2, NULL, NULL, NULL, NULL, NULL),
	(389, 22123, '22032', 'A5R799', NULL, 2, 2, NULL, NULL, NULL, NULL, NULL),
	(390, 22124, '22023', 'A5S723', NULL, 2, 2, NULL, NULL, NULL, NULL, NULL),
	(391, 22127, '22015', 'A5R792', NULL, 2, 2, NULL, NULL, NULL, NULL, NULL),
	(392, 22128, '22039', 'A5W737', NULL, 2, 2, NULL, NULL, NULL, NULL, NULL),
	(393, 22132, '22037', 'A5R779', NULL, 2, 2, NULL, NULL, NULL, NULL, NULL),
	(394, 22185, '22033', 'A5V756', NULL, 2, 2, NULL, NULL, NULL, NULL, NULL),
	(395, 22186, '22035', 'A6A798', NULL, 2, 2, NULL, NULL, NULL, NULL, NULL),
	(396, 22187, '22038', 'A5V758', NULL, 2, 2, NULL, NULL, NULL, NULL, NULL),
	(397, 22190, '22055', 'A5V757', NULL, 2, 2, NULL, NULL, NULL, NULL, NULL),
	(398, 32001, 'A001', 'A2X748', NULL, 3, 2, NULL, NULL, NULL, NULL, NULL),
	(399, 32002, 'A002', 'A2X745', NULL, 3, 2, NULL, NULL, NULL, NULL, NULL),
	(400, 32003, 'A003', 'A3E755', NULL, 3, 2, NULL, NULL, NULL, NULL, NULL),
	(401, 32004, 'A004', 'A2X716', NULL, 3, 2, NULL, NULL, NULL, NULL, NULL),
	(402, 32005, 'A005', 'A2X757', NULL, 3, 2, NULL, NULL, NULL, NULL, NULL),
	(403, 32006, 'A006', 'A2X749', NULL, 3, 2, NULL, NULL, NULL, NULL, NULL),
	(404, 32007, 'A007', 'A2X715', NULL, 3, 2, NULL, NULL, NULL, NULL, NULL),
	(405, 32008, 'A008', 'A2X746', NULL, 3, 2, NULL, NULL, NULL, NULL, NULL),
	(406, 32009, 'A009', 'A4F749', NULL, 3, 2, NULL, NULL, NULL, NULL, NULL),
	(407, 32010, 'A010', 'A3E752', NULL, 3, 2, NULL, NULL, NULL, NULL, NULL),
	(408, 32011, 'A011', 'A3E753', NULL, 3, 2, NULL, NULL, NULL, NULL, NULL),
	(409, 32012, 'A012', 'A2X733', NULL, 3, 2, NULL, NULL, NULL, NULL, NULL),
	(410, 32013, 'A013', 'A2X747', NULL, 3, 2, NULL, NULL, NULL, NULL, NULL),
	(411, 32014, 'A014', 'A3L729', NULL, 3, 2, NULL, NULL, NULL, NULL, NULL),
	(412, 32015, 'A015', 'A2X756', NULL, 3, 2, NULL, NULL, NULL, NULL, NULL),
	(413, 32016, 'A016', 'A3L728', NULL, 3, 2, NULL, NULL, NULL, NULL, NULL),
	(414, 32017, 'A017', 'A3E756', NULL, 3, 2, NULL, NULL, NULL, NULL, NULL),
	(415, 32018, 'A018', 'A3F720', NULL, 3, 2, NULL, NULL, NULL, NULL, NULL),
	(416, 32019, 'A019', 'A2X732', NULL, 3, 2, NULL, NULL, NULL, NULL, NULL),
	(417, 32020, 'A020', 'A3E771', NULL, 3, 2, NULL, NULL, NULL, NULL, NULL),
	(418, 32021, 'A021', 'A2Z739', NULL, 3, 2, NULL, NULL, NULL, NULL, NULL),
	(419, 32022, 'A022', 'A3A704', NULL, 3, 2, NULL, NULL, NULL, NULL, NULL),
	(420, 32023, 'A023', 'A2Z773', NULL, 3, 2, NULL, NULL, NULL, NULL, NULL),
	(421, 32024, 'A024', 'A2Z740', NULL, 3, 2, NULL, NULL, NULL, NULL, NULL),
	(422, 32025, 'A025', 'A3E751', NULL, 3, 2, NULL, NULL, NULL, NULL, NULL),
	(423, 32026, 'A026', 'A3L738', NULL, 3, 2, NULL, NULL, NULL, NULL, NULL),
	(424, 32027, 'A027', 'A2Z742', NULL, 3, 2, NULL, NULL, NULL, NULL, NULL),
	(425, 32028, 'A028', 'A2Z733', NULL, 3, 2, NULL, NULL, NULL, NULL, NULL),
	(426, 32029, 'A029', 'A2Z756', NULL, 3, 2, NULL, NULL, NULL, NULL, NULL),
	(427, 32030, 'A030', 'A3G778', NULL, 3, 2, NULL, NULL, NULL, NULL, NULL),
	(428, 32031, 'A031', 'A3A705', NULL, 3, 2, NULL, NULL, NULL, NULL, NULL),
	(429, 32032, 'A032', 'A3E796', NULL, 3, 2, NULL, NULL, NULL, NULL, NULL),
	(430, 32033, 'A033', 'A3A706', NULL, 3, 2, NULL, NULL, NULL, NULL, NULL),
	(431, 32034, 'A034', 'A2Z755', NULL, 3, 2, NULL, NULL, NULL, NULL, NULL),
	(432, 32035, 'A035', 'A2Z738', NULL, 3, 2, NULL, NULL, NULL, NULL, NULL),
	(433, 32036, 'A036', 'A3A708', NULL, 3, 2, NULL, NULL, NULL, NULL, NULL),
	(434, 32037, 'A037', 'A2Z757', NULL, 3, 2, NULL, NULL, NULL, NULL, NULL),
	(435, 32038, 'A038', 'A2Z737', NULL, 3, 2, NULL, NULL, NULL, NULL, NULL),
	(436, 32039, 'A039', 'A3G772', NULL, 3, 2, NULL, NULL, NULL, NULL, NULL),
	(437, 32040, 'A040', 'A2Z745', NULL, 3, 2, NULL, NULL, NULL, NULL, NULL),
	(438, 32041, 'A041', 'A3G764', NULL, 3, 2, NULL, NULL, NULL, NULL, NULL),
	(439, 32042, 'A042', 'A3G754', NULL, 3, 2, NULL, NULL, NULL, NULL, NULL),
	(440, 32043, 'A043', 'A2Z758', NULL, 3, 2, NULL, NULL, NULL, NULL, NULL),
	(441, 32044, 'A044', 'A2Z753', NULL, 3, 2, NULL, NULL, NULL, NULL, NULL),
	(442, 32045, 'A045', 'A3A709', NULL, 3, 2, NULL, NULL, NULL, NULL, NULL),
	(443, 32046, 'A046', 'A2Z744', NULL, 3, 2, NULL, NULL, NULL, NULL, NULL),
	(444, 32047, 'A047', 'A2Z736', NULL, 3, 2, NULL, NULL, NULL, NULL, NULL),
	(445, 32048, 'A048', 'A2Z771', NULL, 3, 2, NULL, NULL, NULL, NULL, NULL),
	(446, 32049, 'A049', 'A2Z750', NULL, 3, 2, NULL, NULL, NULL, NULL, NULL),
	(447, 32050, 'A050', 'A3G779', NULL, 3, 2, NULL, NULL, NULL, NULL, NULL),
	(448, 32051, 'A051', 'A3B792', NULL, 3, 2, NULL, NULL, NULL, NULL, NULL),
	(449, 32052, 'A052', 'A2X730', NULL, 3, 2, NULL, NULL, NULL, NULL, NULL),
	(450, 32053, 'A053', 'A3G777', NULL, 3, 2, NULL, NULL, NULL, NULL, NULL),
	(451, 32054, 'A054', 'A2Z751', NULL, 3, 2, NULL, NULL, NULL, NULL, NULL),
	(452, 32055, 'A055', 'A2Z752', NULL, 3, 2, NULL, NULL, NULL, NULL, NULL),
	(453, 32056, 'A056', 'A3G766', NULL, 3, 2, NULL, NULL, NULL, NULL, NULL),
	(454, 32057, 'A057', 'A3A710', NULL, 3, 2, NULL, NULL, NULL, NULL, NULL),
	(455, 32058, 'A058', 'A2Z730', NULL, 3, 2, NULL, NULL, NULL, NULL, NULL),
	(456, 32059, 'A059', 'A2Z731', NULL, 3, 2, NULL, NULL, NULL, NULL, NULL),
	(457, 32060, 'A060', 'A3G776', NULL, 3, 2, NULL, NULL, NULL, NULL, NULL),
	(458, 32061, 'A061', 'A2Z746', NULL, 3, 2, NULL, NULL, NULL, NULL, NULL),
	(459, 32062, 'A062', 'A2Z754', NULL, 3, 2, NULL, NULL, NULL, NULL, NULL),
	(460, 32063, 'A063', 'A3G763', NULL, 3, 2, NULL, NULL, NULL, NULL, NULL),
	(461, 32064, 'A064', 'A3E718', NULL, 3, 2, NULL, NULL, NULL, NULL, NULL),
	(462, 32065, 'A065', 'A4I798', NULL, 3, 2, NULL, NULL, NULL, NULL, NULL),
	(463, 32066, 'A066', 'A3A754', NULL, 3, 2, NULL, NULL, NULL, NULL, NULL),
	(464, 32067, 'A067', 'A3A707', NULL, 3, 2, NULL, NULL, NULL, NULL, NULL),
	(465, 32068, 'A068', 'A2Z774', NULL, 3, 2, NULL, NULL, NULL, NULL, NULL),
	(466, 32069, 'A069', 'A3A749', NULL, 3, 2, NULL, NULL, NULL, NULL, NULL),
	(467, 32070, 'A070', 'A3E757', NULL, 3, 2, NULL, NULL, NULL, NULL, NULL),
	(468, 32071, 'A071', 'A4F715', NULL, 3, 2, NULL, NULL, NULL, NULL, NULL),
	(469, 32072, 'A072', 'A3A738', NULL, 3, 2, NULL, NULL, NULL, NULL, NULL),
	(470, 32073, 'A073', 'A3A739', NULL, 3, 2, NULL, NULL, NULL, NULL, NULL),
	(471, 32074, 'A074', 'A3L739', NULL, 3, 2, NULL, NULL, NULL, NULL, NULL),
	(472, 32075, 'A075', 'A3E759', NULL, 3, 2, NULL, NULL, NULL, NULL, NULL),
	(473, 32076, 'A076', 'A3E760', NULL, 3, 2, NULL, NULL, NULL, NULL, NULL),
	(474, 42001, '42001', 'AB4721', NULL, 4, 2, NULL, NULL, NULL, NULL, NULL),
	(475, 42002, '42002', 'A4A776', NULL, 4, 2, NULL, NULL, NULL, NULL, NULL),
	(476, 42003, '42003', 'A4A747', NULL, 4, 2, NULL, NULL, NULL, NULL, NULL),
	(477, 42004, '42004', 'A4U782', NULL, 4, 2, NULL, NULL, NULL, NULL, NULL),
	(478, 42005, '42005', 'A4F785', NULL, 4, 2, NULL, NULL, NULL, NULL, NULL),
	(479, 42006, '42006', 'A4S787', NULL, 4, 2, NULL, NULL, NULL, NULL, NULL),
	(480, 42007, '42007', 'A4B725', NULL, 4, 2, NULL, NULL, NULL, NULL, NULL),
	(481, 42008, '42008', 'A4A749', NULL, 4, 2, NULL, NULL, NULL, NULL, NULL),
	(482, 42009, '42009', 'A4A768', NULL, 4, 2, NULL, NULL, NULL, NULL, NULL),
	(483, 42010, '42010', 'A4B727', NULL, 4, 2, NULL, NULL, NULL, NULL, NULL),
	(484, 42011, '42011', 'A4C781', NULL, 4, 2, NULL, NULL, NULL, NULL, NULL),
	(485, 42012, '42012', 'A4C717', NULL, 4, 2, NULL, NULL, NULL, NULL, NULL),
	(486, 42013, '42013', 'A4B722', NULL, 4, 2, NULL, NULL, NULL, NULL, NULL),
	(487, 42014, '42014', 'A4B729', NULL, 4, 2, NULL, NULL, NULL, NULL, NULL),
	(488, 42015, '42015', 'A4B726', NULL, 4, 2, NULL, NULL, NULL, NULL, NULL),
	(489, 42016, '42016', 'A4B723', NULL, 4, 2, NULL, NULL, NULL, NULL, NULL),
	(490, 42017, '42017', 'A4B711', NULL, 4, 2, NULL, NULL, NULL, NULL, NULL),
	(491, 42018, '42018', 'A4S781', NULL, 4, 2, NULL, NULL, NULL, NULL, NULL),
	(492, 42019, '42019', 'A4B724', NULL, 4, 2, NULL, NULL, NULL, NULL, NULL),
	(493, 42020, '42020', 'A2L712', NULL, 4, 2, NULL, NULL, NULL, NULL, NULL),
	(494, 42021, '42021', 'A4A782', NULL, 4, 2, NULL, NULL, NULL, NULL, NULL),
	(495, 42022, '42022', 'A4A788', NULL, 4, 2, NULL, NULL, NULL, NULL, NULL),
	(496, 42023, '42023', 'A4A748', NULL, 4, 2, NULL, NULL, NULL, NULL, NULL),
	(497, 42024, '42024', 'A4B734', NULL, 4, 2, NULL, NULL, NULL, NULL, NULL),
	(498, 42025, '42025', 'A4A779', NULL, 4, 2, NULL, NULL, NULL, NULL, NULL),
	(499, 42026, '42026', 'A4A778', NULL, 4, 2, NULL, NULL, NULL, NULL, NULL),
	(500, 42027, '42027', 'A4B733', NULL, 4, 2, NULL, NULL, NULL, NULL, NULL),
	(501, 42028, '42028', 'A4A787', NULL, 4, 2, NULL, NULL, NULL, NULL, NULL),
	(502, 42029, '42029', 'A4C776', NULL, 4, 2, NULL, NULL, NULL, NULL, NULL),
	(503, 42030, '42030', 'A4C718', NULL, 4, 2, NULL, NULL, NULL, NULL, NULL),
	(504, 42031, '42031', 'A4C743', NULL, 4, 2, NULL, NULL, NULL, NULL, NULL),
	(505, 42032, '42032', 'A4A796', NULL, 4, 2, NULL, NULL, NULL, NULL, NULL),
	(506, 42033, '42033', 'A4A750', NULL, 4, 2, NULL, NULL, NULL, NULL, NULL),
	(507, 42034, '42034', 'A4A777', NULL, 4, 2, NULL, NULL, NULL, NULL, NULL),
	(508, 42035, '42035', 'A4B713', NULL, 4, 2, NULL, NULL, NULL, NULL, NULL),
	(509, 42036, '42036', 'A4C714', NULL, 4, 2, NULL, NULL, NULL, NULL, NULL),
	(510, 42037, '42037', 'A4A786', NULL, 4, 2, NULL, NULL, NULL, NULL, NULL),
	(511, 42038, '42038', 'A4C715', NULL, 4, 2, NULL, NULL, NULL, NULL, NULL),
	(512, 42039, '42039', 'A4D727', NULL, 4, 2, NULL, NULL, NULL, NULL, NULL),
	(513, 42040, '42040', 'A4C775', NULL, 4, 2, NULL, NULL, NULL, NULL, NULL),
	(514, 42041, '42041', 'A4D726', NULL, 4, 2, NULL, NULL, NULL, NULL, NULL),
	(515, 42042, '42042', 'A4C774', NULL, 4, 2, NULL, NULL, NULL, NULL, NULL),
	(516, 42043, '42043', 'A4C782', NULL, 4, 2, NULL, NULL, NULL, NULL, NULL),
	(517, 42044, '42044', 'A4D736', NULL, 4, 2, NULL, NULL, NULL, NULL, NULL),
	(518, 42045, '42045', 'A4C796', NULL, 4, 2, NULL, NULL, NULL, NULL, NULL),
	(519, 42046, '42046', 'A4I743', NULL, 4, 2, NULL, NULL, NULL, NULL, NULL),
	(520, 42047, '42047', 'A6H723', NULL, 4, 2, NULL, NULL, NULL, NULL, NULL),
	(521, 42048, '42048', 'A4C773', NULL, 4, 2, NULL, NULL, NULL, NULL, NULL),
	(522, 42049, '42049', 'A4C770', NULL, 4, 2, NULL, NULL, NULL, NULL, NULL),
	(523, 42050, '42050', 'A4A785', NULL, 4, 2, NULL, NULL, NULL, NULL, NULL),
	(524, 42051, '42051', 'A4A793', NULL, 4, 2, NULL, NULL, NULL, NULL, NULL),
	(525, 42052, '42052', 'A4B712', NULL, 4, 2, NULL, NULL, NULL, NULL, NULL),
	(526, 42053, '42053', 'A4S782', NULL, 4, 2, NULL, NULL, NULL, NULL, NULL),
	(527, 42054, '42054', 'A4A798', NULL, 4, 2, NULL, NULL, NULL, NULL, NULL),
	(528, 42055, '42055', 'A4A789', NULL, 4, 2, NULL, NULL, NULL, NULL, NULL),
	(529, 42056, '42056', 'A4I740', NULL, 4, 2, NULL, NULL, NULL, NULL, NULL),
	(530, 42057, '42057', 'A4I746', NULL, 4, 2, NULL, NULL, NULL, NULL, NULL),
	(531, 42058, '42058', 'A4C741', NULL, 4, 2, NULL, NULL, NULL, NULL, NULL),
	(532, 42059, '42059', 'A4A790', NULL, 4, 2, NULL, NULL, NULL, NULL, NULL),
	(533, 42060, '42060', 'A4C784', NULL, 4, 2, NULL, NULL, NULL, NULL, NULL),
	(534, 42061, '42061', 'A4A791', NULL, 4, 2, NULL, NULL, NULL, NULL, NULL),
	(535, 42062, '42062', 'A4B728', NULL, 4, 2, NULL, NULL, NULL, NULL, NULL),
	(536, 42063, '42063', 'A4C744', NULL, 4, 2, NULL, NULL, NULL, NULL, NULL),
	(537, 42064, '42064', 'A4C740', NULL, 4, 2, NULL, NULL, NULL, NULL, NULL),
	(538, 42065, '42065', 'A4C742', NULL, 4, 2, NULL, NULL, NULL, NULL, NULL),
	(539, 42066, '42066', 'A4C778', NULL, 4, 2, NULL, NULL, NULL, NULL, NULL),
	(540, 42067, '42067', 'A4C745', NULL, 4, 2, NULL, NULL, NULL, NULL, NULL),
	(541, 42068, '42068', 'A4C747', NULL, 4, 2, NULL, NULL, NULL, NULL, NULL),
	(542, 42073, '42073', 'A5V715', NULL, 4, 2, NULL, NULL, NULL, NULL, NULL),
	(543, 42074, '42074', 'A5V711', NULL, 4, 2, NULL, NULL, NULL, NULL, NULL),
	(544, 42075, '42075', 'A5V709', NULL, 4, 2, NULL, NULL, NULL, NULL, NULL),
	(545, 42076, '42076', 'A5V716', NULL, 4, 2, NULL, NULL, NULL, NULL, NULL),
	(546, 42077, '42077', 'A5V712', NULL, 4, 2, NULL, NULL, NULL, NULL, NULL),
	(547, 42078, '42078', 'A6D741', NULL, 4, 2, NULL, NULL, NULL, NULL, NULL),
	(548, 42079, '42079', 'A5Z706', NULL, 4, 2, NULL, NULL, NULL, NULL, NULL),
	(549, 42080, '42080', 'A6E723', NULL, 4, 2, NULL, NULL, NULL, NULL, NULL);

-- Volcando estructura para tabla centro-control.categoria
CREATE TABLE IF NOT EXISTS `categoria` (
  `id_categoria` int NOT NULL AUTO_INCREMENT,
  `categoria` varchar(45) DEFAULT NULL,
  PRIMARY KEY (`id_categoria`)
) ENGINE=InnoDB DEFAULT CHARSET=utf8mb3;

-- Volcando datos para la tabla centro-control.categoria: ~6 rows (aproximadamente)
INSERT INTO `categoria` (`id_categoria`, `categoria`) VALUES
	(1, 'TRONCAL'),
	(2, 'ALIMENTADOR'),
	(3, 'SEGURIDAD'),
	(4, 'VEHICULOS PARTICULAR'),
	(5, 'INFRAESTRUCTURA COSAC'),
	(6, 'OTROS');

-- Volcando estructura para tabla centro-control.causa
CREATE TABLE IF NOT EXISTS `causa` (
  `idcausa` int NOT NULL AUTO_INCREMENT,
  `causa` varchar(50) DEFAULT NULL,
  `sub_categoria` int DEFAULT NULL,
  PRIMARY KEY (`idcausa`)
) ENGINE=InnoDB AUTO_INCREMENT=173 DEFAULT CHARSET=utf8mb4 COLLATE=utf8mb4_0900_ai_ci;

-- Volcando datos para la tabla centro-control.causa: ~115 rows (aproximadamente)
INSERT INTO `causa` (`idcausa`, `causa`, `sub_categoria`) VALUES
	(1, 'FALLA MECÁNICA', 1),
	(2, 'FALLA ELÉCTRICA', 1),
	(3, 'FALTA DE GAS', 1),
	(4, 'FALLA DE PUERTAS', 1),
	(5, 'NEUMÁTICO DESINFLADO', 1),
	(6, 'CARDAN ROTO', 1),
	(7, 'ZAPATA PEGADA', 1),
	(8, 'CAÍDA AL BAJAR DEL BUS', 2),
	(9, 'CAÍDA AL SUBIR AL BUS', 2),
	(10, 'CAÍDA DENTRO DEL BUS', 2),
	(11, 'ATRAPAMIENTO DE PUERTA', 2),
	(12, 'IMPRUDENCIA/PREPOTENCIA DEL USUARIO', 2),
	(13, 'CORTE / GOLPE POR PASAMANOS / EQUIPOS Y/O CHASIS D', 2),
	(14, 'ATROPELLO', 3),
	(15, 'ATROPELLO Y MUERTE', 3),
	(16, 'FRENADA INTEMPESTIVO', 3),
	(17, 'DESPISTE DE BUS', 3),
	(18, 'VOLCADURA', 3),
	(19, 'INCENDIO DE VEHICULO', 3),
	(20, 'CHOQUE CONTRA INFRAESTRUCTURA', 3),
	(21, 'ATROPELLO A ANIMALES', 3),
	(22, 'MOTO LINEAL', 4),
	(23, 'MOTOCAR', 4),
	(24, 'BICICLETA', 4),
	(25, 'FURGONETA', 4),
	(26, 'TRICICLO', 4),
	(27, 'SCOOTER', 4),
	(28, 'MOTO POLICIAL', 4),
	(29, 'VEHÍCULO NO IDENTIFICADO OTROS (ESPECIFICAR)', 4),
	(30, 'BUS COSAC', 5),
	(31, 'PATRULLERO', 5),
	(32, 'BOMBERO', 5),
	(33, 'AMBULANCIA', 5),
	(34, 'VEHÍCULOS OFICIALES', 5),
	(35, 'CARRO TALLER', 5),
	(36, 'AUTOMÓVIL', 5),
	(37, 'CAMIONETA PICK UP', 5),
	(38, 'CAMIONETA RURAL', 5),
	(39, 'STATION WAGON', 5),
	(40, 'CAMIÓN', 5),
	(41, 'ÓMNIBUS', 5),
	(42, 'CAMIONETA PANEL', 5),
	(43, 'REMOLCADOR', 5),
	(44, 'VEHÍCULO NO IDENTIFICADO OTROS (ESPECIFICAR)', 5),
	(45, 'FUGA DE MOTO', 6),
	(46, 'FUGA DE AUTOMÓVIL', 6),
	(47, 'FUGA DE CAMIONETA PICK UP', 6),
	(48, 'FUGA DE CAMIONETA RURAL', 6),
	(49, 'FUGA DE STATION WAGON', 6),
	(50, 'FUGA DE CAMIÓN', 6),
	(51, 'FUGA DE ÓMNIBUS', 6),
	(52, 'FUGA DE CAMIONETA PANEL', 6),
	(53, 'FUGA DE REMOLCADOR', 6),
	(54, 'FUGA DE REMOLQUE Y SEMIRREMOLQUE', 6),
	(55, 'VEHÍCULO NO IDENTIFICADO OTROS (ESPECIFICAR)', 6),
	(56, 'TORNIQUETES / VALIDADORES PVA AUDIO PANELES TAQUIL', 7),
	(57, 'VALIDADOR', 7),
	(58, 'FALLA MECÁNICA', 8),
	(59, 'FALLA ELÉCTRICA', 8),
	(60, 'FALTA DE GAS', 8),
	(61, 'FALLA DE PUERTAS', 8),
	(62, 'NEUMÁTICO DESINFLADO', 8),
	(63, 'CARDAN ROTO', 8),
	(64, 'ZAPATA PEGADA', 8),
	(65, 'CAÍDA AL BAJAR DEL BUS', 9),
	(66, 'CAÍDA AL SUBIR AL BUS', 9),
	(67, 'CAÍDA DENTRO DEL BUS', 9),
	(68, 'ATRAPAMIENTO DE PUERTA', 9),
	(69, 'IMPRUDENCIA/PREPOTENCIA DEL USUARIO', 9),
	(70, 'CORTE / GOLPE POR PASAMANOS / EQUIPOS Y/O CHASIS D', 9),
	(71, 'ATROPELLO', 10),
	(72, 'ATROPELLO Y MUERTE', 10),
	(73, 'FRENADA INTEMPESTIVO', 10),
	(74, 'DESPISTE DE BUS', 10),
	(75, 'VOLCADURA', 10),
	(76, 'INCENDIO DE VEHICULO', 10),
	(77, 'CHOQUE CONTRA INFRAESTRUCTURA', 10),
	(78, 'ATROPELLO A ANIMALES', 10),
	(79, 'MOTO LINEAL', 11),
	(80, 'MOTOCAR', 11),
	(81, 'BICICLETA', 11),
	(82, 'FURGONETA', 11),
	(83, 'TRICICLO', 11),
	(84, 'SCOOTER', 11),
	(85, 'MOTO POLICIAL', 11),
	(86, 'VEHÍCULO NO IDENTIFICADO OTROS (ESPECIFICAR)', 11),
	(87, 'BUS COSAC', 12),
	(88, 'PATRULLERO', 12),
	(89, 'BOMBERO', 12),
	(90, 'AMBULANCIA', 12),
	(91, 'VEHÍCULOS OFICIALES', 12),
	(92, 'CARRO TALLER', 12),
	(93, 'AUTOMÓVIL', 12),
	(94, 'CAMIONETA PICK UP', 12),
	(95, 'CAMIONETA RURAL', 12),
	(96, 'STATION WAGON', 12),
	(97, 'CAMIÓN', 12),
	(98, 'ÓMNIBUS', 12),
	(99, 'CAMIONETA PANEL', 12),
	(100, 'REMOLCADOR', 12),
	(101, 'VEHÍCULO NO IDENTIFICADO OTROS (ESPECIFICAR)', 12),
	(102, 'FUGA DE MOTO', 13),
	(103, 'FUGA DE AUTOMÓVIL', 13),
	(104, 'FUGA DE CAMIONETA PICK UP', 13),
	(105, 'FUGA DE CAMIONETA RURAL', 13),
	(106, 'FUGA DE STATION WAGON', 13),
	(107, 'FUGA DE CAMIÓN', 13),
	(108, 'FUGA DE ÓMNIBUS', 13),
	(109, 'FUGA DE CAMIONETA PANEL', 13),
	(110, 'FUGA DE REMOLCADOR', 13),
	(111, 'FUGA DE REMOLQUE Y SEMIRREMOLQUE', 13),
	(112, 'VEHÍCULO NO IDENTIFICADO OTROS (ESPECIFICAR)', 13),
	(113, 'TORNIQUETES / VALIDADORES PVA AUDIO PANELES TAQUIL', 14),
	(114, 'VALIDADOR', 14),
	(115, 'ROBOS Y AGRESIÓN', 15),
	(116, 'ACOSO', 15),
	(117, 'ACTOS CONTRA EL PUDOR', 15),
	(118, 'ASALTO CON ARMA DE FUEGO', 15),
	(119, 'LANZAN PIEDRA Y/O VANDALISMO', 15),
	(120, 'MANIFESTACIONES', 15),
	(121, 'INTERVENCIÓN POLICIAL/SERENAZGO', 15),
	(122, 'INTENTO DE ROBO', 15),
	(123, 'USUARIO EN ESTADO ETÍLICO', 15),
	(124, 'OTROS', 15),
	(125, 'DE USUARIO A EFECTIVO PNP', 16),
	(126, 'DE USUARIO A ORIENTADOR', 16),
	(127, 'INSPECTOR DE TRANSITO', 16),
	(128, 'AGENTE SEGURIDAD', 16),
	(129, 'AL CONDUCTOR DEL BUS', 16),
	(130, 'ENTRE USUARIOS', 16),
	(131, 'BARANDA METÁLICA DE SEGURIDAD', 17),
	(132, 'ESTACIÓN', 17),
	(133, 'PUERTA METÁLICA', 17),
	(134, 'MALLA METÁLICA', 17),
	(135, 'LETREROS/SEÑALÉTICAS', 17),
	(136, 'CHOQUE A BOLARDOS', 17),
	(137, 'DESPISTES DE VEHICULO PARTICULAR', 17),
	(138, 'ACCIDENTE VÍA MIXTA AFECTA AL COSAC I', 18),
	(139, 'VEHÍCULO PARTICULAR SE DESPISTA AL COSAC I', 18),
	(140, 'VÍA BLOQUEADA POR OBRAS AFECTA RUTA / SERVICIO', 18),
	(141, 'PERSONA SOSPECHOSA', 18),
	(142, 'ATROPELLO ANIMALES', 18),
	(143, 'ATROPELLO A PEATÓN', 18),
	(144, 'CHOQUES', 18),
	(145, 'PERSONAS EN VÍA', 18),
	(146, 'TORNIQUETES / VALIDADORES PVA AUDIO PANELES TAQUIL', 19),
	(147, 'VALIDADOR ESTACION', 19),
	(148, 'PVA', 19),
	(149, 'INCIDENTE CON PERSONAL', 20),
	(150, 'MANTENIMIENTO', 20),
	(151, 'CORTE DE FLUIDO ELÉCTRICO', 20),
	(152, 'CIERRE DE ESTACIÓN', 20),
	(153, 'OTROS', 20),
	(154, 'ACCIDENTES DE USUARIO', 21),
	(155, 'PRIMEROS AUXILIOS', 21),
	(156, 'DEMANDA DE USUARIOS', 21),
	(157, 'PERSONA CONADIS', 21),
	(158, 'USUARIOS EXTRAVIADOS', 22),
	(159, 'LIBRO DE RECLAMACIONES', 22),
	(160, 'PERDIDA DE PERTENENCIAS', 22),
	(161, 'APOYO DE LA RONDA PARA RECOGER PERTENENCIA CAÍDA A', 22),
	(162, 'AVERÍA', 23),
	(163, 'DESTELLO', 23),
	(164, 'ÁMBAR', 23),
	(165, 'INOPERATIVO', 23),
	(166, 'ATROPELLO A PEATÓN', 24),
	(167, 'CHOQUE DE DOS VEHÍCULOS PARTICULARES', 24),
	(168, 'DESPISTES DE VEHÍCULO DENTRO DE LA VÍA COSAC I', 24),
	(169, 'ATROPELLO A ANIMALES', 24),
	(170, 'AVERIA DEL VEHÍCULO', 24),
	(171, 'ATROPELLO A PERSONAL ATU', 24),
	(172, 'OTROS CASOS', 25);

-- Volcando estructura para tabla centro-control.conductor
CREATE TABLE IF NOT EXISTS `conductor` (
  `idconductor` int NOT NULL AUTO_INCREMENT,
  `nombre` varchar(150) DEFAULT NULL,
  `dni` int(8) unsigned zerofill DEFAULT NULL,
  `cacc` int DEFAULT NULL,
  `consorcio` int DEFAULT NULL,
  `tipo` int DEFAULT NULL,
  PRIMARY KEY (`idconductor`)
) ENGINE=InnoDB DEFAULT CHARSET=utf8mb4 COLLATE=utf8mb4_0900_ai_ci;

-- Volcando datos para la tabla centro-control.conductor: ~279 rows (aproximadamente)
INSERT INTO `conductor` (`idconductor`, `nombre`, `dni`, `cacc`, `consorcio`, `tipo`) VALUES
	(1, 'ACUÑA ESPINOZA MARCO ANTONIO', 45669388, 144526, 2, 1),
	(2, 'AGUEDO REMUZGO PIERRE ANTONIO', 43490195, 144318, 1, 3),
	(3, 'CATAÑO GUEVARA ROMMEL FRANS', 47738343, 144105, 2, 3),
	(4, 'ADRIAN ACOSTA ANDRES EDUARDO', 08988586, 144398, 1, 4),
	(5, 'AGUEDO ANAYA ISAIAS ULISES', 06830298, 144611, 2, 1),
	(6, 'ALVARADO HUARCAYA VICTOR JAVIER', 09552564, 144582, 1, 4),
	(7, 'ALVARADO LEANDRO ROSSNI GENRY', 45653322, 144161, 2, 3),
	(8, 'ALVARADO VERA JAVIER RONALD', 42714733, 144697, 1, 1),
	(9, 'ALVAREZ VERDE JESUS DINO', 08395948, 144975, 1, 2),
	(10, 'ANGELES CUEVA EDWIN RUDY', 42884945, 144539, 1, 4),
	(11, 'ANICETO MENDEZ FLORIAN JAVIER', 31670585, 144699, 1, 1),
	(12, 'ANTON HUIMAN JULIO CESAR', 09991535, 144896, 1, 1),
	(13, 'ARAUJO CONISLLA JORGE', 80119336, 144766, 1, 1),
	(14, 'ARENAS ARIAS HECTOR MARCELINO', 09575726, 144402, 2, 1),
	(15, 'ARENAS VEGA PEDRO', 10170732, 144972, 1, 3),
	(16, 'ARTEAGA CORDOVA MARCO ANTONIO', 41265765, 144834, 2, 2),
	(17, 'AYALA SALAZAR ALBERTO', 09622341, 144573, 1, 3),
	(18, 'BACALLA FERNANDEZ CESAR AUGUSTO', 06790802, 144705, 1, 4),
	(19, 'BALDEON MATEO YOEL JOSE', 43377034, 144845, 1, 2),
	(20, 'BANDA PAZ LUIS ALBERTO', 42290276, 144759, 2, 2),
	(21, 'BARBA SOSA JOSE ENRIQUE', 41749419, 144198, 2, 2),
	(22, 'BARZOLA ZEGARRA HUGOLINO HILVER', 07236474, 144835, 2, 4),
	(23, 'BENAVIDES RUIZ FAUSTO FELIPE', 06077616, 144121, 2, 2),
	(24, 'BENITES MURGA FREDDY PEDRO', 08187550, 144593, 1, 4),
	(25, 'BRAVO AMBROSIO ARMANDO ROBERT', 06877747, 144648, 1, 1),
	(26, 'BRICEÑO CASTILLO JOHNNY FREDDY', 10137260, 144125, 1, 4),
	(27, 'BRONCANO CAURURO JOHNNY ROLAN', 43064301, 144103, 1, 3),
	(28, 'BULEJE ROMERO VICTOR', 10425516, 144984, 1, 4),
	(29, 'CABALLERO MORALES ROGER', 10506468, 144110, 2, 1),
	(30, 'CABELLO REYES RUBEN POMPEYO', 15292512, 144852, 1, 2),
	(31, 'CABRERA ARANDA ROMAN GEINER', 09552589, 144385, 1, 1),
	(32, 'CACERES VALENZUELA AVELINO', 43401046, 144275, 2, 2),
	(33, 'CACHI SILVA NESKY ALEXANDER', 09986814, 144334, 1, 4),
	(34, 'CAJAHUAMAN CHAVEZ JHONNY FERNANDO', 10817913, 144234, 1, 1),
	(35, 'CALLA LEON FERNANDO', 06882976, 144186, 1, 2),
	(36, 'CALLE TAPIA LUIS ALBERTO', 07617871, 144748, 2, 4),
	(37, 'CAMACHO RIVAS CESAR', 00370727, 144206, 2, 2),
	(38, 'CANTARO FERNANDEZ CIRO LEOPOLDO', 44937167, 144415, 1, 4),
	(39, 'CARDENAS BARBOZA JOSE ANTONIO', 09986635, 144744, 1, 2),
	(40, 'CARDENAS BARBOZA MANUEL VALENTIN', 06882534, 144800, 2, 4),
	(41, 'CARRASCO POMASONGO BERNARDO AUDON', 22093891, 144368, 1, 2),
	(42, 'CARRILLO VERNAZZA CESAR ALEXANDER', 10509369, 144956, 1, 1),
	(43, 'CASTAÑEDA ARIAS BERNARDO JUAN', 06100949, 144541, 1, 1),
	(44, 'CATAÑO HUAYHUA FELIPE', 45516827, 144713, 2, 4),
	(45, 'CAYCHO DE LA CRUZ VACILIDEZ ANTONIO', 06549502, 144987, 1, 3),
	(46, 'CCACCYA BENITES LUIS', 07763834, 144940, 1, 1),
	(47, 'CCACCYA CHAVEZ ROBERT ANTONIO', 09618364, 144767, 2, 1),
	(48, 'CCANTO LLIMPE HONORATO', 10381116, 144192, 1, 3),
	(49, 'CENTENO CONDEZO PERCY', 08475534, 144473, 1, 2),
	(50, 'CERNA MENDOZA WILMER YONY', 40933942, 144630, 2, 2),
	(51, 'CHACON DIAZ JAIME ISIDRO', 09796114, 144178, 2, 2),
	(52, 'CHALCO CRUZ VICTOR', 06024493, 144882, 2, 2),
	(53, 'CHALLCO CARDENAS MANUEL JESUS', 10163132, 144117, 1, 3),
	(54, 'CHAVEZ RARAZ EDWIN ROBERT', 10815136, 144673, 2, 2),
	(55, 'CHAVEZ VELARDE JAVIER', 41474702, 144801, 1, 4),
	(56, 'CHICLLA GUILLEN JUAN DAVID', 10450278, 144139, 1, 2),
	(57, 'CHIPANA RODAS HECTOR ROLANDO', 10091118, 144479, 1, 1),
	(58, 'CHIPANA RODAS RAFAEL AMERICO', 10528258, 144511, 1, 1),
	(59, 'CHOQUE MENDOZA JOSE LUIS', 00485924, 144861, 2, 1),
	(60, 'CISNEROS CARDENAS JOSE LUIS', 09922319, 144933, 1, 2),
	(61, 'COLINA MALDONADO CARLOS EDUARDO', 41808735, 144691, 1, 4),
	(62, 'COLUNCHE ORTIZ LUIS ALBERTO', 45476411, 144335, 2, 1),
	(63, 'CONDOR CAMPOSANO GILMER HUGO', 09402080, 144304, 2, 3),
	(64, 'CONDORI QUISPE ALFREDO DANIEL', 42761150, 144519, 2, 3),
	(65, 'CORDOVA ALARCON ROLANDO RICHARD', 10187811, 144436, 1, 1),
	(66, 'CORONADO TRIVEÑOS JESUS ELIAS', 09051590, 144106, 2, 3),
	(67, 'CORTIJO CASTRO LUIS MIGUEL', 42036793, 144995, 2, 2),
	(68, 'CRUZ SANCHEZ EDUARDO GUSTAVO', 10626280, 144467, 1, 1),
	(69, 'CRUZ YAURI JESUS EUGENIO', 09790071, 144488, 1, 2),
	(70, 'CUNZA REGALADO PAULO CESAR', 06546740, 144386, 2, 4),
	(71, 'CURO JAVIER DAYVE', 43461627, 144216, 1, 4),
	(72, 'CUSIHUAMAN CERRILLO ESTEBAN', 09504768, 144224, 1, 3),
	(73, 'DAVILA ROJAS PABLO ANDRES', 42040291, 144769, 2, 3),
	(74, 'DE LA CRUZ ALVAREZ CARLOS ALEJANDRO', 09991920, 144790, 1, 4),
	(75, 'DE LA CRUZ RODRIGUEZ LUIS ALBERTO', 45039797, 144681, 2, 3),
	(76, 'DEL CARPIO CRUCES RICHARD EMILIO', 10164118, 144895, 2, 3),
	(77, 'DELGADILLO DAVILA NESTOR NILTON', 15283864, 144120, 1, 1),
	(78, 'DELGADO INGA JOSE EISER', 43786628, 144334, 1, 2),
	(79, 'DELGADO PALACIOS RONAL ALEXANDER', 47844458, 144645, 2, 2),
	(80, 'DELGADO SANCHEZ HENRY EMILIANO', 09971760, 144267, 1, 4),
	(81, 'DENEGRI BARRERA MIGUEL ENRIQUE', 09910356, 144948, 1, 3),
	(82, 'DIAZ AZALDE LUIS EUGENIO', 25523437, 144655, 1, 3),
	(83, 'DIONICIO BERNA ALFREDO', 42657965, 144400, 1, 1),
	(84, 'ENCISO CCORMORAY FIDEL MARTIN', 43057232, 144783, 2, 1),
	(85, 'ENCISO SALINAS JUAN GUILLERMO', 40062726, 144156, 2, 4),
	(86, 'ERAZO DE LA CRUZ PEDRO EUSEBIO', 06833991, 144920, 1, 4),
	(87, 'ESCOBEDO TIRADO JUNIOR MARINO', 10739897, 144462, 2, 4),
	(88, 'ESPINO CABRERA JULIAN', 08695888, 144241, 1, 2),
	(89, 'ESPINOZA LASTRA ROLANDO', 10742930, 144749, 1, 2),
	(90, 'FABIAN FLORES JUAN', 08684915, 144593, 1, 1),
	(91, 'FABIAN VILLACORTA JUAN EDWIN', 40188837, 144988, 1, 2),
	(92, 'FAJARDO TUEROS LUIS ALBERTO', 09969477, 144558, 2, 3),
	(93, 'FELICIANO VELASQUEZ MOISES', 10701653, 144744, 2, 2),
	(94, 'FELIPA SEBASTIAN MARIO LUIS', 09960725, 144241, 1, 4),
	(95, 'FERNANDEZ SILVA JOSE ELVER', 42862049, 144993, 2, 3),
	(96, 'FERNANDEZ TICA EDUARDO DANIEL', 73899533, 144736, 2, 2),
	(97, 'FIGUEROA CURO ABRAHAM', 10064159, 144752, 1, 4),
	(98, 'FLORES CHIRA IVAN TOMAS', 08654706, 144510, 1, 1),
	(99, 'FLORES CONGONA MARCELO GUILLERMO', 10401647, 144729, 1, 4),
	(100, 'FLORES ENCISO TUPAC AMARU PUMACAHUA', 09631813, 144254, 2, 2),
	(101, 'FLORES ESPINOZA YOLANDA ELSA', 09629692, 144444, 2, 2),
	(102, 'FLORES IRAOLA JONH ALESANDRO', 80498949, 144628, 1, 1),
	(103, 'FUENTES CULLAMPE GINO AUGUSTO', 40256952, 144624, 2, 4),
	(104, 'GARCIA BOHORQUEZ HERNANDO ARTURO', 09549736, 144962, 1, 1),
	(105, 'GARCIA CARRASCO JOSE', 06862460, 144131, 1, 1),
	(106, 'GARCIA JANAMPA HECTOR', 40468895, 144319, 1, 1),
	(107, 'GARCIA MARTINEZ EDGAR JHONY', 09638603, 144727, 1, 3),
	(108, 'GIRON SANGAMA IVAN VICTOR', 47614668, 144437, 2, 3),
	(109, 'GOICOCHEA CHUGNAS DAVID ARTEMIO', 40623309, 144878, 1, 2),
	(110, 'GOMEZ GONZALES RICHARD MARINO', 06786362, 144419, 1, 2),
	(111, 'GRADOS PECHO HUMBERTO JESUS', 09473079, 144817, 2, 1),
	(112, 'GUERRA PADILLA LENIN', 09516679, 144316, 1, 3),
	(113, 'GUEVARA RIMAPA OSCAR', 44554944, 144899, 1, 3),
	(114, 'GUZMAN BALLENA RAFAEL', 10726411, 144345, 2, 4),
	(115, 'HENRIQUEZ SANCHEZ JOHEL JONATHAN', 42761145, 144623, 2, 2),
	(116, 'HERRERA PRIETO JOSE ELIAS', 08627278, 144367, 1, 3),
	(117, 'HUAMAN CHINCHAY TELMO', 06828177, 144524, 1, 2),
	(118, 'HUAMAN HUAMAN BARTOLI ALCIDES', 06554593, 144650, 1, 2),
	(119, 'HUAMAN PADILLA ISMAEL', 40335914, 144745, 1, 1),
	(120, 'HUAMANI GUTIERREZ ANIBAL VALENTIN', 10815070, 144396, 1, 2),
	(121, 'HUARI HUAMAN JULIO CESAR', 10160080, 144846, 2, 4),
	(122, 'HUAVILA CRUZ MARINO', 08776065, 144440, 1, 3),
	(123, 'HUAYLAS CANTALICIO AURELIO', 42073367, 144841, 2, 3),
	(124, 'INGA ANGULO CIRO MAURICE', 40664701, 144538, 1, 3),
	(125, 'INGA MARIN ENRIQUE ALEJANDRO', 19931173, 144664, 2, 3),
	(126, 'JAMANCA CHERRE ELVIS GERSON', 42323503, 144285, 2, 2),
	(127, 'JARA PONCE CARLOS', 22510192, 144697, 2, 1),
	(128, 'JAYME GUEVARA LUIS', 42002584, 144432, 1, 4),
	(129, 'JOSELI AURIS DUWAL DALADIER', 40870465, 144432, 1, 2),
	(130, 'JULCA CRUZ GUILLERMO', 03132554, 144224, 1, 4),
	(131, 'JURADO MANSILLA TOMAS SILVERIO', 22074815, 144470, 1, 4),
	(132, 'LAZARO CUSTODIO JOSE ANTONIO', 45569280, 144723, 2, 4),
	(133, 'LEON CUADROS OMAR', 10216581, 144913, 1, 2),
	(134, 'LEON GAVILAN JOSE GUILLERMO', 09793143, 144184, 2, 1),
	(135, 'LEON OSCANOA DANIEL ALCIDES', 10520660, 144449, 1, 4),
	(136, 'LERMO ARENAS YIN ARMANDO', 40059532, 144661, 2, 4),
	(137, 'LEYVA CALZADA YERSON JOEL', 10882012, 144723, 2, 3),
	(138, 'LLUQUE AGUILAR DAVID ORLANDO', 10835189, 144122, 1, 4),
	(139, 'LOAIZA CCARHUAS HECTOR', 40742883, 144850, 1, 2),
	(140, 'LOAYZA GARCIA WILFREDO ORLANDO', 07134358, 144542, 2, 2),
	(141, 'LUJAN ARANDA ELMER DANTE', 40413510, 144401, 2, 4),
	(142, 'LUNA HUALLANCA MIGUEL ANGEL', 41403357, 144621, 1, 3),
	(143, 'MACHUCA SANTILLAN JUSTINO ANTONI', 18986572, 144313, 2, 1),
	(144, 'MAITA MONTALVO RONALD OFER', 42254892, 144830, 1, 3),
	(145, 'MALCA GALARZA JOSE ANTONIO', 80653421, 144556, 2, 3),
	(146, 'MALLQUI CARDENAS GIBER', 43301223, 144154, 2, 4),
	(147, 'MALLQUI FABIAN EDI CARLOS', 40603117, 144973, 2, 3),
	(148, 'MAMANI AYCA ELVIS MARINO', 04428983, 144302, 1, 3),
	(149, 'MAMANI NOLE EDWIN ROSENDO', 10381324, 144820, 1, 2),
	(150, 'MAMANI NOLE RICHARD HILARIO', 09979891, 144466, 1, 2),
	(151, 'MAMANI SALCEDO MAURO', 09036264, 144559, 1, 4),
	(152, 'MARCELO BEDOYA MEJICO', 44768541, 144331, 2, 2),
	(153, 'MARCELO PACHECO ELIAS MANUEL', 06886797, 144894, 1, 3),
	(154, 'MARCOS URBINA EDWARD FRANZ', 10156522, 144863, 2, 2),
	(155, 'MARIN ORIHUELA RONALD WALTER', 42202446, 144906, 1, 2),
	(156, 'MARQUEZ AGAMA MISAEL VALENTIN', 09792604, 144516, 1, 1),
	(157, 'MARQUEZ CHAVEZ ELIAS IVAN', 41825592, 144872, 1, 3),
	(158, 'MARTINEZ PALLAJO JUAN ELGAR', 43823331, 144493, 1, 2),
	(159, 'MATEO FERNANDEZ RAFAEL SANTOS', 09476903, 144767, 1, 2),
	(160, 'MEDINA BELTRAN JORGE FELICIANO', 10407488, 144604, 1, 1),
	(161, 'MEDRANO ORDOÑEZ CESAR ALFREDO', 40302901, 144401, 2, 4),
	(162, 'MELENDEZ TOMAS LUIS ALBERTO', 19096747, 144404, 2, 4),
	(163, 'MELO SEDANO MARCO ANTONIO', 41195729, 144701, 1, 2),
	(164, 'MENDOZA GOMEZ RONALD MESIAS', 80123424, 144954, 2, 1),
	(165, 'MENDOZA HUAMAN EMERSON', 42948591, 144455, 2, 4),
	(166, 'MILLAN JIMENEZ JUAN JOSE', 07633028, 144973, 2, 3),
	(167, 'MIRANDA VIGO TEODOLINDO', 40703950, 144124, 2, 3),
	(168, 'MISAJEL NAVARRETE MIGUEL MARIANO', 09485293, 144929, 1, 1),
	(169, 'MOCHCCO ANAMPA JHURGUEN SAMUEL', 47364617, 144946, 2, 3),
	(170, 'MONCADA VENTURA RAUL', 41642103, 144992, 2, 4),
	(171, 'MONDRAGON PEREZ VICENTE', 09544876, 144365, 2, 2),
	(172, 'MONTALVAN GALARZA HODGI BLAS', 45017080, 144303, 1, 2),
	(173, 'MONTIVEROS FLORES ALFREDO DIDI', 10779548, 144842, 1, 4),
	(174, 'MORALES GONZALES PABLO', 10458565, 144401, 2, 4),
	(175, 'MORALES TRUJILLO FREDDY', 10163258, 144364, 1, 2),
	(176, 'MORENO LOPEZ ENRIQUE WALTER', 44102878, 144877, 2, 1),
	(177, 'MUÑIZ CHOQUE JULIO CESAR', 43500461, 144731, 2, 3),
	(178, 'MUÑOZ AGUIRRE JUAN MESIAS', 09037223, 144506, 1, 3),
	(179, 'MURILLO RODRIGUEZ SERGIO MOISES', 06854156, 144357, 1, 4),
	(180, 'NUÑEZ RIOS FRANKLIN', 73511089, 144552, 1, 4),
	(181, 'ORIHUELA CRISTOBAL ROGER OBDULIO', 16010185, 144236, 2, 3),
	(182, 'OROYA PUMARICA EDUARDO DANIEL', 06576372, 144899, 1, 2),
	(183, 'PACCO SUCASAIRE HUMBERTO', 08660698, 144839, 1, 3),
	(184, 'PACCSI ALCA HUGO OSCAR', 08155560, 144567, 2, 3),
	(185, 'PALMA AGUILAR JAIME', 43360397, 144413, 1, 3),
	(186, 'PALOMINO BLANCO RICARDO', 29694458, 144881, 2, 4),
	(187, 'PAMPA CHURA ALEJANDRO HECTOR', 10383081, 144380, 1, 4),
	(188, 'PAREDES LAUREANO FELIX JAIME', 43086807, 144616, 1, 3),
	(189, 'PARIONA LICLA LUIS ALFREDO', 40227875, 144408, 1, 1),
	(190, 'PARIONA LICLA ROGER FERNANDO', 10739140, 144940, 1, 3),
	(191, 'PASACHE SOLANO ALBER ALEXANDER', 43717132, 144659, 1, 2),
	(192, 'PATRICIO JULCA MAGNO FIDENCIANO', 10452958, 144873, 1, 1),
	(193, 'PEÑA BERRU AGUSTIN', 42494572, 144755, 1, 3),
	(194, 'PEÑA DOMINGUEZ JUAN ENEMIAS', 42379147, 144864, 2, 2),
	(195, 'PEREZ CRUZ DARIO', 06851574, 144291, 2, 3),
	(196, 'PEREZ MONTES HECTOR LEONARDO', 09766915, 144316, 1, 1),
	(197, 'PEREZ PAREDES NILTON ALAIN', 46391593, 144293, 2, 2),
	(198, 'PESANTES MONTOYA JAIRO EFRAIN', 41387626, 144190, 2, 1),
	(199, 'PINCO FERRUA HENRY JAVIER', 41952114, 144178, 1, 4),
	(200, 'PIZARRO LINO LINDOR ALFREDO', 40599856, 144675, 2, 2),
	(201, 'POMA HENOSTROZA NESTOR ROLANDO', 07176754, 144341, 1, 4),
	(202, 'PRADO MEDINA JOSE LUIS', 25847778, 144496, 1, 3),
	(203, 'PUERTAS ROJAS UBALDO AQUELINO', 41133582, 144405, 2, 1),
	(204, 'QUIROZ RODAS ANGEL MOISES', 42668575, 144530, 2, 1),
	(205, 'QUISPE CONGORA FREDY JAIME', 42994813, 144100, 1, 4),
	(206, 'QUISPE PASTRANA WILLIAMS RUBEN', 10157994, 144980, 1, 4),
	(207, 'QUISPE QUISPE VICTOR', 09734954, 144412, 2, 1),
	(208, 'RAFAEL RAFAEL JOSE ALBERTO', 08694985, 144814, 1, 2),
	(209, 'RAMIREZ LOPEZ EDGAR ALEJO', 09788399, 144801, 1, 1),
	(210, 'RAMOS MORALES PAUL MARCOS', 10423645, 144723, 2, 3),
	(211, 'RAMOS QUISPE JORGE LUIS', 09418625, 144473, 1, 1),
	(212, 'RAMOS RAMIREZ NELSER GILBERTO', 03562343, 144157, 1, 3),
	(213, 'RAMOS RIVERA PERCY', 20029180, 144415, 1, 3),
	(214, 'RAMOS TUPIÑO ROSA ANGELICA', 15355077, 144586, 2, 2),
	(215, 'RODRIGUEZ CRUZ EPIFANIO JAVIER', 09171326, 144498, 1, 1),
	(216, 'RODRIGUEZ DURAND JAIME ENRIQUE', 08531511, 144263, 2, 4),
	(217, 'RODRIGUEZ MARTINEZ JESUS SIMON', 22413791, 144383, 2, 1),
	(218, 'ROJAS GONZALES DONATO LUIS', 19891698, 144920, 2, 3),
	(219, 'ROLDAN ARBIETO JHONNY FRANK', 41234120, 144385, 2, 4),
	(220, 'ROMERO ACEVEDO ALEX MARLON', 09748762, 144380, 1, 2),
	(221, 'ROMERO REMIGIO JORGE HERNAN', 41715659, 144483, 2, 2),
	(222, 'RONDAN COTOS RONALD EFRAIN', 43054751, 144673, 2, 3),
	(223, 'RUIZ MOZO JESUS NICOLAS', 10290953, 144397, 2, 1),
	(224, 'RUIZ ZAGA EFRAIN GIANCARLO', 10161279, 144498, 2, 4),
	(225, 'RUJEL MARCHAN CARLOS ALBERTO', 40571184, 144248, 2, 1),
	(226, 'SALAS DIAZ ROLANDO', 40414925, 144300, 2, 1),
	(227, 'SALAZAR ORTIZ HUGO PERCY', 10073732, 144379, 1, 3),
	(228, 'SALAZAR VASQUEZ JOSE LUIS', 41271999, 144487, 2, 3),
	(229, 'SALVADOR MENESES LUIS ENRIQUE', 10157569, 144955, 2, 4),
	(230, 'SANCHEZ MANAYALLE ALEX', 43761346, 144625, 1, 3),
	(231, 'SANTOS SANTOS SANTIAGO ISMAEL', 09483255, 144834, 2, 4),
	(232, 'SAUCEDO PRINCIPE MICHAEL RUPERTO', 40906627, 144205, 1, 1),
	(233, 'SAUCEDO YDROGO WILMER JOHN', 40923823, 144961, 1, 4),
	(234, 'SICCHA MURGA MODESTO IVAN', 43775580, 144832, 2, 3),
	(235, 'SOLANO RAMOS LUIS ALBERTO', 46477573, 144369, 2, 3),
	(236, 'SOTELO ALARCON JUAN EZEQUIEL', 45261288, 144396, 1, 2),
	(237, 'SOTO VALENCIA ERASMO', 09746790, 144451, 2, 4),
	(238, 'SUAREZ CRUZADO HARRY ALEXIS', 40039682, 144515, 2, 2),
	(239, 'SUCSO ROMERO JUAN CARLOS', 09517339, 144990, 1, 4),
	(240, 'TALAVERANO CCASANI EDISON', 40147015, 144668, 1, 4),
	(241, 'TELLO BRUNO FERNANDO', 09625867, 144595, 1, 1),
	(242, 'TERRONES QUIROZ ELMER ALFONSO', 07472601, 144142, 2, 1),
	(243, 'TIMANA CANO JOSE LUIS', 41935351, 144328, 1, 2),
	(244, 'TIPULA TIPULA VICTOR', 09974035, 144317, 2, 1),
	(245, 'TITO OSCCO LUIS ALBERTO', 40704653, 144711, 2, 2),
	(246, 'TORRES SANCHEZ JIMMY ELVIS', 10684633, 144425, 1, 2),
	(247, 'TORRES SOTO JHONY JULIO', 25714919, 144137, 2, 4),
	(248, 'TREJO CERNA GILDER JORGE', 09964711, 144791, 1, 2),
	(249, 'TREJO RIOS JUAN VICTOR', 06760888, 144383, 2, 3),
	(250, 'TUCTO MARTEL GHISLETTE HOWARD', 09972529, 144921, 1, 1),
	(251, 'TUPIA ALDORADIN JUAN CARLOS', 10817607, 144999, 1, 4),
	(252, 'URETA MALQUI VICTOR JUSTO', 31923737, 144241, 2, 3),
	(253, 'VALDEZ AGUILAR ERNAN ADALBERTO', 09472780, 144250, 2, 4),
	(254, 'VALENCIA GARCIA JESUS MOISES', 46712576, 144765, 2, 3),
	(255, 'VALLEJOS DAMIANO HUGO', 41295460, 144352, 1, 1),
	(256, 'VALVERDE PALOMINO JHONATAN', 42201305, 144269, 1, 3),
	(257, 'VARGAS CUBAS ERMAN CHARLES', 42234189, 144494, 1, 1),
	(258, 'VASQUEZ GOMEZ FREDY LUIS', 44084456, 144442, 2, 2),
	(259, 'VASQUEZ HERNANDEZ JUAN ANGEL', 10712125, 144445, 1, 4),
	(260, 'VASQUEZ HERNANDEZ PEDRO', 08424187, 144979, 1, 4),
	(261, 'VASQUEZ LICLA YURI JUAN', 10407254, 144851, 1, 3),
	(262, 'VASQUEZ ROJAS ELMER', 09474525, 144887, 2, 1),
	(263, 'VASQUEZ ROMAN ARISTIDES MELANIO', 18119300, 144213, 1, 4),
	(264, 'VASQUEZ TIRADO JUAN CAPRISTANO', 41641324, 144699, 2, 2),
	(265, 'VELASQUEZ VALLEJO NILTON CESAR', 09981466, 144699, 2, 3),
	(266, 'VENTURA CALDERON EDUARDO MIGUEL', 10626908, 144206, 1, 2),
	(267, 'VERONA LOPEZ AMADOR', 08034796, 144614, 1, 4),
	(268, 'VICTORIO VELASQUEZ EDWIN OMAR', 04041007, 144540, 2, 4),
	(269, 'VIDAURRE DE LA CRUZ JUAN MANUEL', 16741786, 144537, 1, 4),
	(270, 'VILLANUEVA MURGA DANIEL ELVIS', 10050165, 144498, 1, 2),
	(271, 'VILLEGAS AGUILAR JOSELITO', 33810634, 144573, 2, 2),
	(272, 'VILLEGAS TAFUR GHEISON ENRIQUE', 10761679, 144514, 2, 3),
	(273, 'WONG PILLACA ALAN JHONATAN', 42918858, 144304, 2, 3),
	(274, 'YACO CHAUCA RICARDO LINO', 25775013, 144618, 2, 4),
	(275, 'YAPU LAYME FROYLAN DAVID', 42000943, 144139, 1, 4),
	(276, 'YUPANQUI ANDRES FRUMENCIO', 15289552, 144497, 2, 3),
	(277, 'ZAPATA SORIANO JEFFERSON ALEXIS', 42530883, 144777, 1, 2),
	(278, 'ZAVALETA VALDIVIA JULIAN ANTONIO', 09022647, 144866, 1, 2),
	(279, 'ZELADA REQUEJO MANUEL ESTEBAN', 44182806, 144173, 2, 2);

-- Volcando estructura para tabla centro-control.consecuencia
CREATE TABLE IF NOT EXISTS `consecuencia` (
  `id_consecuencia` int NOT NULL AUTO_INCREMENT,
  `consecuencia` varchar(50) DEFAULT NULL,
  `causa` int DEFAULT NULL,
  PRIMARY KEY (`id_consecuencia`)
) ENGINE=InnoDB AUTO_INCREMENT=1630 DEFAULT CHARSET=utf8mb4 COLLATE=utf8mb4_0900_ai_ci;

-- Volcando datos para la tabla centro-control.consecuencia: ~115 rows (aproximadamente)
INSERT INTO `consecuencia` (`id_consecuencia`, `consecuencia`, `causa`) VALUES
	(1, 'BLOQUEO TOTAL DE VÍA', 1),
	(2, 'BLOQUEO DE UN CARRIL', 1),
	(3, 'BLOQUE DE EMBARQUE / PARADERO', 1),
	(4, 'SE ESTACIONA EN ZONA DE SERVICIO', 1),
	(5, 'BUS CONTINUO SU SERVICIO ', 1),
	(6, 'BUS SE RETIRA A PATIO', 1),
	(7, 'OTROS', 1),
	(8, 'BLOQUEO TOTAL DE VÍA', 2),
	(9, 'BLOQUEO DE UN CARRIL', 2),
	(10, 'BLOQUE DE EMBARQUE / PARADERO', 2),
	(11, 'SE ESTACIONA EN ZONA DE SERVICIO', 2),
	(12, 'BUS CONTINUO SU SERVICIO ', 2),
	(13, 'BUS SE RETIRA A PATIO', 2),
	(14, 'OTROS', 2),
	(15, 'BLOQUEO TOTAL DE VÍA', 3),
	(16, 'BLOQUEO DE UN CARRIL', 3),
	(17, 'BLOQUE DE EMBARQUE / PARADERO', 3),
	(18, 'SE ESTACIONA EN ZONA DE SERVICIO', 3),
	(19, 'BUS CONTINUO SU SERVICIO ', 3),
	(20, 'BUS SE RETIRA A PATIO', 3),
	(21, 'OTROS', 3),
	(22, 'BLOQUEO TOTAL DE VÍA', 4),
	(23, 'BLOQUEO DE UN CARRIL', 4),
	(24, 'BLOQUE DE EMBARQUE / PARADERO', 4),
	(25, 'SE ESTACIONA EN ZONA DE SERVICIO', 4),
	(26, 'BUS CONTINUO SU SERVICIO ', 4),
	(27, 'BUS SE RETIRA A PATIO', 4),
	(28, 'OTROS', 4),
	(29, 'BLOQUEO TOTAL DE VÍA', 5),
	(30, 'BLOQUEO DE UN CARRIL', 5),
	(31, 'BLOQUE DE EMBARQUE / PARADERO', 5),
	(32, 'SE ESTACIONA EN ZONA DE SERVICIO', 5),
	(33, 'BUS CONTINUO SU SERVICIO ', 5),
	(34, 'BUS SE RETIRA A PATIO', 5),
	(35, 'OTROS', 5),
	(36, 'BLOQUEO TOTAL DE VÍA', 6),
	(37, 'BLOQUEO DE UN CARRIL', 6),
	(38, 'BLOQUE DE EMBARQUE / PARADERO', 6),
	(39, 'SE ESTACIONA EN ZONA DE SERVICIO', 6),
	(40, 'BUS CONTINUO SU SERVICIO ', 6),
	(41, 'BUS SE RETIRA A PATIO', 6),
	(42, 'OTROS', 6),
	(43, 'BLOQUEO TOTAL DE VÍA', 7),
	(44, 'BLOQUEO DE UN CARRIL', 7),
	(45, 'BLOQUE DE EMBARQUE / PARADERO', 7),
	(46, 'SE ESTACIONA EN ZONA DE SERVICIO', 7),
	(47, 'BUS CONTINUO SU SERVICIO ', 7),
	(48, 'BUS SE RETIRA A PATIO', 7),
	(49, 'OTROS', 7),
	(50, 'DISTANCIA ENTRE BUS Y EMBARQUE', 8),
	(51, 'USO DE CELULAR', 8),
	(52, 'POR CORRER', 8),
	(53, 'EMPUJÓN', 8),
	(54, 'TROPEZAR', 8),
	(55, 'DISTANCIA ENTRE BUS Y EMBARQUE', 9),
	(56, 'USO DE CELULAR', 9),
	(57, 'POR CORRER', 9),
	(58, 'EMPUJÓN', 9),
	(59, 'TROPEZAR', 9),
	(60, 'MANEJO INADECUADO', 10),
	(61, 'NO DISMINUYE LA VELOCIDAD EN GIROS Y CURVAS', 10),
	(62, 'EXCESO DE VELOCIDAD EN PASO A DESNIVEL', 10),
	(63, 'EXCESO DE VELOCIDAD EN ROMPEMUELLES', 10),
	(64, 'POR CORRER DENTRO DEL BUS', 10),
	(65, 'EMPUJÓNENTRE USUARIOS', 10),
	(66, 'TROPEZAR CON COSAS, EQUIPOS', 10),
	(67, 'FALTA DE PASAMANOS', 10),
	(68, 'PASAMANOS DESPRENDIDOS', 10),
	(69, 'IMPRUDENCIA DEL CONDUCTOR', 11),
	(70, 'IMPRUDENCIA DEL USUARIO', 11),
	(71, 'USUARIO PONE EL CUERPO  ', 11),
	(72, ' USUARIO NO RESPETA EL SEMÁFORO DE EMBARQUE', 11),
	(73, ' EL CONDUCTOR CIERRA LA PUERTA MUY RÁPIDO', 11),
	(74, 'EL CONDUCTOR NO REALIZA LA ALERTA DEL CIERRE DE PU', 11),
	(75, ' EL USUARIO INGRESA DE MANERA PREPOTENTE', 11),
	(76, 'ATRAPAMIENTO DE PUERTA POR SUBIR DE MANERA PREPOTE', 12),
	(77, 'CAÍDA DE USUARIO POR SUBIR DE MANERA PREPOTENTE', 12),
	(78, 'APLASTAMIENTO/CAÍDA/GOLPES ENTRE USUARIOS POR IMPR', 12),
	(79, 'MANEJO INADECUADO DEL CONDUCTOR', 13),
	(80, 'DESCOMPENSACIÓN DEL USUARIO (A)', 13),
	(81, 'ACOPLE DE PASAMANOS DETERIORADO', 13),
	(82, 'IMPRUDENCIA DEL CONDUCTOR', 14),
	(83, 'EXCESO DE VELOCIDAD', 14),
	(84, 'EBRIEDAD DEL CONDUCTOR', 14),
	(85, 'IMPRUDENCIA DEL PEATÓN', 14),
	(86, 'INVASIÓN DE CARRIL', 14),
	(87, 'VÍA EN MAL ESTADO', 14),
	(88, 'FALLA MECÁNICA', 14),
	(89, 'FACTOR AMBIENTAL', 14),
	(90, 'DESACATO SEÑAL DE TRÁNSITO POR PARTE DEL CONDUCTOR', 14),
	(91, 'SEÑALIZACIÓN DEFECTUOSA', 14),
	(92, 'FALTA DE LUCES', 14),
	(93, 'ESTADO DE EBRIEDAD DEL PEATÓN', 14),
	(94, 'DESACATO SEÑAL DE TRÁNSITO DEL PEATÓN', 14),
	(95, 'NO IDENTIFICA LA CAUSA', 14),
	(96, 'NO TIENE LA CERTEZA DE DETERMINAR LA CAUSA', 14),
	(97, 'OTROS', 14),
	(98, 'IMPRUDENCIA DEL CONDUCTOR', 15),
	(99, 'EXCESO DE VELOCIDAD', 15),
	(100, 'EBRIEDAD DEL CONDUCTOR', 15),
	(101, 'IMPRUDENCIA DEL PEATÓN', 15),
	(102, 'INVASIÓN DE CARRIL', 15),
	(103, 'VÍA EN MAL ESTADO', 15),
	(104, 'FALLA MECÁNICA', 15),
	(105, 'FACTOR AMBIENTAL', 15),
	(106, 'DESACATO SEÑAL DE TRÁNSITO POR PARTE DEL CONDUCTOR', 15),
	(107, 'SEÑALIZACIÓN DEFECTUOSA', 15),
	(108, 'FALTA DE LUCES', 15),
	(109, 'ESTADO DE EBRIEDAD DEL PEATÓN', 15),
	(110, 'DESACATO SEÑAL DE TRÁNSITO DEL PEATÓN', 15),
	(111, 'NO IDENTIFICA LA CAUSA', 15),
	(112, 'NO TIENE LA CERTEZA DE DETERMINAR LA CAUSA', 15),
	(113, 'OTROS', 15),
	(114, 'IMPRUDENCIA DEL CONDUCTOR', 16),
	(115, 'EXCESO DE VELOCIDAD', 16),
	(116, 'EBRIEDAD DEL CONDUCTOR', 16),
	(117, 'IMPRUDENCIA DEL PEATÓN', 16),
	(118, 'INVASIÓN DE CARRIL', 16),
	(119, 'VÍA EN MAL ESTADO', 16),
	(120, 'FALLA MECÁNICA', 16),
	(121, 'NO IDENTIFICA LA CAUSA', 16),
	(122, 'NO TIENE LA CERTEZA DE DETERMINAR LA CAUSA', 16),
	(123, 'AMBULANTES EN VÍA', 16),
	(124, 'PERSONAS EN VÍA', 16),
	(125, 'ORATE EN VÍA', 16),
	(126, 'IMPRUDENCIA DEL CONDUCTOR', 17),
	(127, 'EXCESO DE VELOCIDAD', 17),
	(128, 'EBRIEDAD DEL CONDUCTOR', 17),
	(129, 'IMPRUDENCIA DE PEATÓN', 17),
	(130, 'INVASIÓN DE CARRIL', 17),
	(131, 'VÍA EN MAL ESTADO', 17),
	(132, 'FALLA MECÁNICA', 17),
	(133, 'FACTOR AMBIENTAL', 17),
	(134, 'DESACATO SEÑAL DE TRÁNSITO POR PARTE DEL CONDUCTOR', 17),
	(135, 'SEÑALIZACIÓN DEFECTUOSA', 17),
	(136, 'FALTA DE LUCES', 17),
	(137, 'NO IDENTIFICA LA CAUSA', 17),
	(138, 'NO TIENE LA CERTEZA DE DETERMINAR LA CAUSA', 17),
	(139, 'OTROS', 17),
	(140, 'IMPRUDENCIA DEL CONDUCTOR', 18),
	(141, 'EXCESO DE VELOCIDAD', 18),
	(142, 'EBRIEDAD DEL CONDUCTOR', 18),
	(143, 'IMPRUDENCIA DEL PEATÓN', 18),
	(144, 'INVASIÓN DE CARRIL', 18),
	(145, 'VÍA EN MAL ESTADO', 18),
	(146, 'FALLA MECÁNICA', 18),
	(147, 'FACTOR AMBIENTAL', 18),
	(148, 'DESACATO SEÑAL DE TRÁNSITO POR PARTE DEL CONDUCTOR', 18),
	(149, 'SEÑALIZACIÓN DEFECTUOSA', 18),
	(150, 'FALTA DE LUCES', 18),
	(151, 'NO IDENTIFICA LA CAUSA', 18),
	(152, 'NO TIENE LA CERTEZA DE DETERMINAR LA CAUSA', 18),
	(153, 'OTROS', 18),
	(154, 'FUGA DE GAS', 19),
	(155, 'FALLA ELECTRICO', 19),
	(156, 'CARGA/OCUPACIÓN DE PRODUCTOS INFLAMABLES', 19),
	(157, 'BANDALISMO / MANIFESTACIONES', 19),
	(158, 'MANEJO INADECUADO', 20),
	(159, 'FALLA DE BUS', 20),
	(160, 'INVASIÓN DE CARRIL DE VEHICULO PARTICULAR', 20),
	(161, 'INVASIÓN DE CARRIL DE BUS COSAC I', 20),
	(162, 'INVASIÓN DE CARRIL DE BUS COSAC I', 20),
	(163, 'DESACATO SEÑAL DE TRÁNSITO POR PARTE DEL CONDUCTOR', 21),
	(164, 'EBRIEDAD DEL CONDUCTOR', 21),
	(165, 'ESTADO DE EBRIEDAD DEL PEATÓN', 21),
	(166, 'EXCESO DE VELOCIDAD', 21),
	(167, 'FACTOR AMBIENTAL', 21),
	(168, 'FALLA MECÁNICA', 21),
	(169, 'FALTA DE LUCES', 21),
	(170, 'IMPRUDENCIA DEL CONDUCTOR', 21),
	(171, 'INVASIÓN DE CARRIL DEL ANIMAL', 21),
	(172, 'NO TIENE LA CERTEZA DE DETERMINAR LA CAUSA', 21),
	(173, 'SEÑALIZACIÓN DEFECTUOSA', 21),
	(174, 'VÍA EN MAL ESTADO', 21),
	(175, 'OTROS', 21),
	(176, 'IMPRUDENCIA DEL CONDUCTOR DEL BUS', 22),
	(177, 'EXCESO DE VELOCIDAD DEL BUS', 22),
	(178, 'ESTADO DE EBRIEDAD DEL CONDUCTOR DEL BUS', 22),
	(179, 'IMPRUDENCIA DEL CONDUCTOR DE LA MOTO', 22),
	(180, 'INVASIÓN DE CARRIL', 22),
	(181, 'VÍA EN MAL ESTADO', 22),
	(182, 'FALLA MECÁNICA', 22),
	(183, 'FACTOR AMBIENTAL', 22),
	(184, 'DESACATO SEÑAL DE TRÁNSITO POR PARTE DEL CONDUCTOR', 22),
	(185, 'SEÑALIZACIÓN DEFECTUOSA', 22),
	(186, 'FALTA DE LUCES', 22),
	(187, 'ESTADO DE EBRIEDAD DE CONDUCTOR DE LA MOTO LINEAL', 22),
	(188, 'DESACATO SEÑAL DE TRÁNSITO DEL PEATÓN', 22),
	(189, 'NO IDENTIFICA LA CAUSA', 22),
	(190, 'NO TIENE LA CERTEZA DE DETERMINAR LA CAUSA', 22),
	(191, 'OTROS', 22),
	(192, 'IMPRUDENCIA DEL CONDUCTOR DEL BUS', 23),
	(193, 'EXCESO DE VELOCIDAD DEL BUS', 23),
	(194, 'ESTADO DE EBRIEDAD DEL CONDUCTOR DEL BUS', 23),
	(195, 'IMPRUDENCIA DEL CONDUCTOR DE LA MOTO', 23),
	(196, 'INVASIÓN DE CARRIL', 23),
	(197, 'VÍA EN MAL ESTADO', 23),
	(198, 'FALLA MECÁNICA', 23),
	(199, 'FACTOR AMBIENTAL', 23),
	(200, 'DESACATO SEÑAL DE TRÁNSITO POR PARTE DEL CONDUCTOR', 23),
	(201, 'SEÑALIZACIÓN DEFECTUOSA', 23),
	(202, 'FALTA DE LUCES', 23),
	(203, 'ESTADO DE EBRIEDAD DE CONDUCTOR DE LA MOTO LINEAL', 23),
	(204, 'DESACATO SEÑAL DE TRÁNSITO DEL PEATÓN', 23),
	(205, 'NO IDENTIFICA LA CAUSA', 23),
	(206, 'NO TIENE LA CERTEZA DE DETERMINAR LA CAUSA', 23),
	(207, 'OTROS', 23),
	(208, 'IMPRUDENCIA DEL CONDUCTOR DEL BUS', 24),
	(209, 'EXCESO DE VELOCIDAD DEL BUS', 24),
	(210, 'ESTADO DE EBRIEDAD DEL CONDUCTOR DEL BUS', 24),
	(211, 'IMPRUDENCIA DEL CONDUCTOR DE LA MOTO', 24),
	(212, 'INVASIÓN DE CARRIL', 24),
	(213, 'VÍA EN MAL ESTADO', 24),
	(214, 'FALLA MECÁNICA', 24),
	(215, 'FACTOR AMBIENTAL', 24),
	(216, 'DESACATO SEÑAL DE TRÁNSITO POR PARTE DEL CONDUCTOR', 24),
	(217, 'SEÑALIZACIÓN DEFECTUOSA', 24),
	(218, 'FALTA DE LUCES', 24),
	(219, 'ESTADO DE EBRIEDAD DE CONDUCTOR DE LA MOTO LINEAL', 24),
	(220, 'DESACATO SEÑAL DE TRÁNSITO DEL PEATÓN', 24),
	(221, 'NO IDENTIFICA LA CAUSA', 24),
	(222, 'NO TIENE LA CERTEZA DE DETERMINAR LA CAUSA', 24),
	(223, 'OTROS', 24),
	(224, 'IMPRUDENCIA DEL CONDUCTOR DEL BUS', 25),
	(225, 'EXCESO DE VELOCIDAD DEL BUS', 25),
	(226, 'ESTADO DE EBRIEDAD DEL CONDUCTOR DEL BUS', 25),
	(227, 'IMPRUDENCIA DEL CONDUCTOR DE LA MOTO', 25),
	(228, 'INVASIÓN DE CARRIL', 25),
	(229, 'VÍA EN MAL ESTADO', 25),
	(230, 'FALLA MECÁNICA', 25),
	(231, 'FACTOR AMBIENTAL', 25),
	(232, 'DESACATO SEÑAL DE TRÁNSITO POR PARTE DEL CONDUCTOR', 25),
	(233, 'SEÑALIZACIÓN DEFECTUOSA', 25),
	(234, 'FALTA DE LUCES', 25),
	(235, 'ESTADO DE EBRIEDAD DE CONDUCTOR DE LA MOTO LINEAL', 25),
	(236, 'DESACATO SEÑAL DE TRÁNSITO DEL PEATÓN', 25),
	(237, 'NO IDENTIFICA LA CAUSA', 25),
	(238, 'NO TIENE LA CERTEZA DE DETERMINAR LA CAUSA', 25),
	(239, 'OTROS', 25),
	(240, 'IMPRUDENCIA DEL CONDUCTOR DEL BUS', 26),
	(241, 'EXCESO DE VELOCIDAD DEL BUS', 26),
	(242, 'ESTADO DE EBRIEDAD DEL CONDUCTOR DEL BUS', 26),
	(243, 'IMPRUDENCIA DEL CONDUCTOR DE LA MOTO', 26),
	(244, 'INVASIÓN DE CARRIL', 26),
	(245, 'VÍA EN MAL ESTADO', 26),
	(246, 'FALLA MECÁNICA', 26),
	(247, 'FACTOR AMBIENTAL', 26),
	(248, 'DESACATO SEÑAL DE TRÁNSITO POR PARTE DEL CONDUCTOR', 26),
	(249, 'SEÑALIZACIÓN DEFECTUOSA', 26),
	(250, 'FALTA DE LUCES', 26),
	(251, 'ESTADO DE EBRIEDAD DE CONDUCTOR DE LA MOTO LINEAL', 26),
	(252, 'DESACATO SEÑAL DE TRÁNSITO DEL PEATÓN', 26),
	(253, 'NO IDENTIFICA LA CAUSA', 26),
	(254, 'NO TIENE LA CERTEZA DE DETERMINAR LA CAUSA', 26),
	(255, 'OTROS', 26),
	(256, 'IMPRUDENCIA DEL CONDUCTOR DEL BUS', 27),
	(257, 'EXCESO DE VELOCIDAD DEL BUS', 27),
	(258, 'ESTADO DE EBRIEDAD DEL CONDUCTOR DEL BUS', 27),
	(259, 'IMPRUDENCIA DEL CONDUCTOR DE LA MOTO', 27),
	(260, 'INVASIÓN DE CARRIL', 27),
	(261, 'VÍA EN MAL ESTADO', 27),
	(262, 'FALLA MECÁNICA', 27),
	(263, 'FACTOR AMBIENTAL', 27),
	(264, 'DESACATO SEÑAL DE TRÁNSITO POR PARTE DEL CONDUCTOR', 27),
	(265, 'SEÑALIZACIÓN DEFECTUOSA', 27),
	(266, 'FALTA DE LUCES', 27),
	(267, 'ESTADO DE EBRIEDAD DE CONDUCTOR DE LA MOTO LINEAL', 27),
	(268, 'DESACATO SEÑAL DE TRÁNSITO DEL PEATÓN', 27),
	(269, 'NO IDENTIFICA LA CAUSA', 27),
	(270, 'NO TIENE LA CERTEZA DE DETERMINAR LA CAUSA', 27),
	(271, 'OTROS', 27),
	(272, 'EXCESO DE VELOCIDAD DEL BUS', 28),
	(273, 'IMPRUDENCIA DEL CONDUCTOR DE LA MOTO', 28),
	(274, 'MOTO INVASIÓN DE CARRIL', 28),
	(275, 'FALLA MECANICA', 28),
	(276, 'DESACATO SEÑAL DE TRÁNSITO POR PARTE DEL CONDUCTOR', 28),
	(277, 'VEHÍCULO NO IDENTIFICADO OTROS (ESPECIFICAR)', 29),
	(278, 'IMPRUDENCIA DEL CONDUCTOR', 30),
	(279, 'FRENADA INTEMPESTIVA DEL PRIMER BUS', 30),
	(280, 'EXCESO DE VELOCIDAD', 30),
	(281, 'EBRIEDAD DEL CONDUCTOR', 30),
	(282, 'IMPRUDENCIA DEL PEATÓN', 30),
	(283, 'INVASIÓN DE CARRIL', 30),
	(284, 'VÍA EN MAL ESTADO', 30),
	(285, 'FALLA MECÁNICA', 30),
	(286, 'FACTOR AMBIENTAL', 30),
	(287, 'DESACATO SEÑAL DE TRÁNSITO POR PARTE DEL CONDUCTOR', 30),
	(288, 'SEÑALIZACIÓN DEFECTUOSA', 30),
	(289, 'FALTA DE LUCES', 30),
	(290, 'ESTADO DE EBRIEDAD DEL PEATÓN', 30),
	(291, 'DESACATO SEÑAL DE TRÁNSITO DEL PEATÓN', 30),
	(292, 'NO IDENTIFICA LA CAUSA', 30),
	(293, 'NO TIENE LA CERTEZA DE DETERMINAR LA CAUSA', 30),
	(294, 'OTROS', 30),
	(295, 'IMPRUDENCIA DEL CONDUCTOR', 31),
	(296, 'EXCESO DE VELOCIDAD', 31),
	(297, 'EBRIEDAD DEL CONDUCTOR', 31),
	(298, 'IMPRUDENCIA DEL PEATÓN', 31),
	(299, 'INVASIÓN DE CARRIL', 31),
	(300, 'VÍA EN MAL ESTADO', 31),
	(301, 'FALLA MECÁNICA', 31),
	(302, 'FACTOR AMBIENTAL', 31),
	(303, 'DESACATO SEÑAL DE TRÁNSITO POR PARTE DEL CONDUCTOR', 31),
	(304, 'SEÑALIZACIÓN DEFECTUOSA', 31),
	(305, 'FALTA DE LUCES', 31),
	(306, 'ESTADO DE EBRIEDAD DEL PEATÓN', 31),
	(307, 'DESACATO SEÑAL DE TRÁNSITO DEL PEATÓN', 31),
	(308, 'NO IDENTIFICA LA CAUSA', 31),
	(309, 'NO TIENE LA CERTEZA DE DETERMINAR LA CAUSA', 31),
	(310, 'OTROS', 31),
	(311, 'IMPRUDENCIA DEL CONDUCTOR', 32),
	(312, 'EXCESO DE VELOCIDAD', 32),
	(313, 'EBRIEDAD DEL CONDUCTOR', 32),
	(314, 'IMPRUDENCIA DEL PEATÓN', 32),
	(315, 'INVASIÓN DE CARRIL', 32),
	(316, 'VÍA EN MAL ESTADO', 32),
	(317, 'FALLA MECÁNICA', 32),
	(318, 'FACTOR AMBIENTAL', 32),
	(319, 'DESACATO SEÑAL DE TRÁNSITO POR PARTE DEL CONDUCTOR', 32),
	(320, 'SEÑALIZACIÓN DEFECTUOSA', 32),
	(321, 'FALTA DE LUCES', 32),
	(322, 'ESTADO DE EBRIEDAD DEL PEATÓN', 32),
	(323, 'DESACATO SEÑAL DE TRÁNSITO DEL PEATÓN', 32),
	(324, 'NO IDENTIFICA LA CAUSA', 32),
	(325, 'NO TIENE LA CERTEZA DE DETERMINAR LA CAUSA', 32),
	(326, 'OTROS', 32),
	(327, 'IMPRUDENCIA DEL CONDUCTOR', 33),
	(328, 'EXCESO DE VELOCIDAD', 33),
	(329, 'EBRIEDAD DEL CONDUCTOR', 33),
	(330, 'IMPRUDENCIA DEL PEATÓN', 33),
	(331, 'INVASIÓN DE CARRIL', 33),
	(332, 'VÍA EN MAL ESTADO', 33),
	(333, 'FALLA MECÁNICA', 33),
	(334, 'FACTOR AMBIENTAL', 33),
	(335, 'DESACATO SEÑAL DE TRÁNSITO POR PARTE DEL CONDUCTOR', 33),
	(336, 'SEÑALIZACIÓN DEFECTUOSA', 33),
	(337, 'FALTA DE LUCES', 33),
	(338, 'ESTADO DE EBRIEDAD DEL PEATÓN', 33),
	(339, 'DESACATO SEÑAL DE TRÁNSITO DEL PEATÓN', 33),
	(340, 'NO IDENTIFICA LA CAUSA', 33),
	(341, 'NO TIENE LA CERTEZA DE DETERMINAR LA CAUSA', 33),
	(342, 'OTROS', 33),
	(343, 'IMPRUDENCIA DEL CONDUCTOR', 34),
	(344, 'EXCESO DE VELOCIDAD', 34),
	(345, 'EBRIEDAD DEL CONDUCTOR', 34),
	(346, 'IMPRUDENCIA DEL PEATÓN', 34),
	(347, 'INVASIÓN DE CARRIL', 34),
	(348, 'VÍA EN MAL ESTADO', 34),
	(349, 'FALLA MECÁNICA', 34),
	(350, 'FACTOR AMBIENTAL', 34),
	(351, 'DESACATO SEÑAL DE TRÁNSITO POR PARTE DEL CONDUCTOR', 34),
	(352, 'SEÑALIZACIÓN DEFECTUOSA', 34),
	(353, 'FALTA DE LUCES', 34),
	(354, 'ESTADO DE EBRIEDAD DEL PEATÓN', 34),
	(355, 'DESACATO SEÑAL DE TRÁNSITO DEL PEATÓN', 34),
	(356, 'NO IDENTIFICA LA CAUSA', 34),
	(357, 'NO TIENE LA CERTEZA DE DETERMINAR LA CAUSA', 34),
	(358, 'OTROS', 34),
	(359, 'IMPRUDENCIA DEL CONDUCTOR', 35),
	(360, 'EXCESO DE VELOCIDAD', 35),
	(361, 'EBRIEDAD DEL CONDUCTOR', 35),
	(362, 'IMPRUDENCIA DEL PEATÓN', 35),
	(363, 'INVASIÓN DE CARRIL', 35),
	(364, 'VÍA EN MAL ESTADO', 35),
	(365, 'FALLA MECÁNICA', 35),
	(366, 'FACTOR AMBIENTAL', 35),
	(367, 'DESACATO SEÑAL DE TRÁNSITO POR PARTE DEL CONDUCTOR', 35),
	(368, 'SEÑALIZACIÓN DEFECTUOSA', 35),
	(369, 'FALTA DE LUCES', 35),
	(370, 'ESTADO DE EBRIEDAD DEL PEATÓN', 35),
	(371, 'DESACATO SEÑAL DE TRÁNSITO DEL PEATÓN', 35),
	(372, 'NO IDENTIFICA LA CAUSA', 35),
	(373, 'NO TIENE LA CERTEZA DE DETERMINAR LA CAUSA', 35),
	(374, 'OTROS', 35),
	(375, 'IMPRUDENCIA DEL CONDUCTOR', 36),
	(376, 'EXCESO DE VELOCIDAD', 36),
	(377, 'EBRIEDAD DEL CONDUCTOR', 36),
	(378, 'IMPRUDENCIA DEL PEATÓN', 36),
	(379, 'INVASIÓN DE CARRIL', 36),
	(380, 'VÍA EN MAL ESTADO', 36),
	(381, 'FALLA MECÁNICA', 36),
	(382, 'FACTOR AMBIENTAL', 36),
	(383, 'DESACATO SEÑAL DE TRÁNSITO POR PARTE DEL CONDUCTOR', 36),
	(384, 'SEÑALIZACIÓN DEFECTUOSA', 36),
	(385, 'FALTA DE LUCES', 36),
	(386, 'ESTADO DE EBRIEDAD DEL PEATÓN', 36),
	(387, 'DESACATO SEÑAL DE TRÁNSITO DEL PEATÓN', 36),
	(388, 'NO IDENTIFICA LA CAUSA', 36),
	(389, 'NO TIENE LA CERTEZA DE DETERMINAR LA CAUSA', 36),
	(390, 'OTROS', 36),
	(391, 'IMPRUDENCIA DEL CONDUCTOR', 37),
	(392, 'EXCESO DE VELOCIDAD', 37),
	(393, 'EBRIEDAD DEL CONDUCTOR', 37),
	(394, 'IMPRUDENCIA DEL PEATÓN', 37),
	(395, 'INVASIÓN DE CARRIL', 37),
	(396, 'VÍA EN MAL ESTADO', 37),
	(397, 'FALLA MECÁNICA', 37),
	(398, 'FACTOR AMBIENTAL', 37),
	(399, 'DESACATO SEÑAL DE TRÁNSITO POR PARTE DEL CONDUCTOR', 37),
	(400, 'SEÑALIZACIÓN DEFECTUOSA', 37),
	(401, 'FALTA DE LUCES', 37),
	(402, 'ESTADO DE EBRIEDAD DEL PEATÓN', 37),
	(403, 'DESACATO SEÑAL DE TRÁNSITO DEL PEATÓN', 37),
	(404, 'NO IDENTIFICA LA CAUSA', 37),
	(405, 'NO TIENE LA CERTEZA DE DETERMINAR LA CAUSA', 37),
	(406, 'OTROS', 37),
	(407, 'IMPRUDENCIA DEL CONDUCTOR', 38),
	(408, 'EXCESO DE VELOCIDAD', 38),
	(409, 'EBRIEDAD DEL CONDUCTOR', 38),
	(410, 'IMPRUDENCIA DEL PEATÓN', 38),
	(411, 'INVASIÓN DE CARRIL', 38),
	(412, 'VÍA EN MAL ESTADO', 38),
	(413, 'FALLA MECÁNICA', 38),
	(414, 'FACTOR AMBIENTAL', 38),
	(415, 'DESACATO SEÑAL DE TRÁNSITO POR PARTE DEL CONDUCTOR', 38),
	(416, 'SEÑALIZACIÓN DEFECTUOSA', 38),
	(417, 'FALTA DE LUCES', 38),
	(418, 'ESTADO DE EBRIEDAD DEL PEATÓN', 38),
	(419, 'DESACATO SEÑAL DE TRÁNSITO DEL PEATÓN', 38),
	(420, 'NO IDENTIFICA LA CAUSA', 38),
	(421, 'NO TIENE LA CERTEZA DE DETERMINAR LA CAUSA', 38),
	(422, 'OTROS', 38),
	(423, 'IMPRUDENCIA DEL CONDUCTOR', 39),
	(424, 'EXCESO DE VELOCIDAD', 39),
	(425, 'EBRIEDAD DEL CONDUCTOR', 39),
	(426, 'IMPRUDENCIA DEL PEATÓN', 39),
	(427, 'INVASIÓN DE CARRIL', 39),
	(428, 'VÍA EN MAL ESTADO', 39),
	(429, 'FALLA MECÁNICA', 39),
	(430, 'FACTOR AMBIENTAL', 39),
	(431, 'DESACATO SEÑAL DE TRÁNSITO POR PARTE DEL CONDUCTOR', 39),
	(432, 'SEÑALIZACIÓN DEFECTUOSA', 39),
	(433, 'FALTA DE LUCES', 39),
	(434, 'ESTADO DE EBRIEDAD DEL PEATÓN', 39),
	(435, 'DESACATO SEÑAL DE TRÁNSITO DEL PEATÓN', 39),
	(436, 'NO IDENTIFICA LA CAUSA', 39),
	(437, 'NO TIENE LA CERTEZA DE DETERMINAR LA CAUSA', 39),
	(438, 'OTROS', 39),
	(439, 'IMPRUDENCIA DEL CONDUCTOR', 40),
	(440, 'EXCESO DE VELOCIDAD', 40),
	(441, 'EBRIEDAD DEL CONDUCTOR', 40),
	(442, 'IMPRUDENCIA DEL PEATÓN', 40),
	(443, 'INVASIÓN DE CARRIL', 40),
	(444, 'VÍA EN MAL ESTADO', 40),
	(445, 'FALLA MECÁNICA', 40),
	(446, 'FACTOR AMBIENTAL', 40),
	(447, 'DESACATO SEÑAL DE TRÁNSITO POR PARTE DEL CONDUCTOR', 40),
	(448, 'SEÑALIZACIÓN DEFECTUOSA', 40),
	(449, 'FALTA DE LUCES', 40),
	(450, 'ESTADO DE EBRIEDAD DEL PEATÓN', 40),
	(451, 'DESACATO SEÑAL DE TRÁNSITO DEL PEATÓN', 40),
	(452, 'NO IDENTIFICA LA CAUSA', 40),
	(453, 'NO TIENE LA CERTEZA DE DETERMINAR LA CAUSA', 40),
	(454, 'OTROS', 40),
	(455, 'IMPRUDENCIA DEL CONDUCTOR', 41),
	(456, 'EXCESO DE VELOCIDAD', 41),
	(457, 'EBRIEDAD DEL CONDUCTOR', 41),
	(458, 'IMPRUDENCIA DEL PEATÓN', 41),
	(459, 'INVASIÓN DE CARRIL', 41),
	(460, 'VÍA EN MAL ESTADO', 41),
	(461, 'FALLA MECÁNICA', 41),
	(462, 'FACTOR AMBIENTAL', 41),
	(463, 'DESACATO SEÑAL DE TRÁNSITO POR PARTE DEL CONDUCTOR', 41),
	(464, 'SEÑALIZACIÓN DEFECTUOSA', 41),
	(465, 'FALTA DE LUCES', 41),
	(466, 'ESTADO DE EBRIEDAD DEL PEATÓN', 41),
	(467, 'DESACATO SEÑAL DE TRÁNSITO DEL PEATÓN', 41),
	(468, 'NO IDENTIFICA LA CAUSA', 41),
	(469, 'NO TIENE LA CERTEZA DE DETERMINAR LA CAUSA', 41),
	(470, 'OTROS', 41),
	(471, 'IMPRUDENCIA DEL CONDUCTOR', 42),
	(472, 'EXCESO DE VELOCIDAD', 42),
	(473, 'EBRIEDAD DEL CONDUCTOR', 42),
	(474, 'IMPRUDENCIA DEL PEATÓN', 42),
	(475, 'INVASIÓN DE CARRIL', 42),
	(476, 'VÍA EN MAL ESTADO', 42),
	(477, 'FALLA MECÁNICA', 42),
	(478, 'FACTOR AMBIENTAL', 42),
	(479, 'DESACATO SEÑAL DE TRÁNSITO POR PARTE DEL CONDUCTOR', 42),
	(480, 'SEÑALIZACIÓN DEFECTUOSA', 42),
	(481, 'FALTA DE LUCES', 42),
	(482, 'ESTADO DE EBRIEDAD DEL PEATÓN', 42),
	(483, 'DESACATO SEÑAL DE TRÁNSITO DEL PEATÓN', 42),
	(484, 'NO IDENTIFICA LA CAUSA', 42),
	(485, 'NO TIENE LA CERTEZA DE DETERMINAR LA CAUSA', 42),
	(486, 'OTROS', 42),
	(487, 'IMPRUDENCIA DEL CONDUCTOR', 43),
	(488, 'EXCESO DE VELOCIDAD', 43),
	(489, 'EBRIEDAD DEL CONDUCTOR', 43),
	(490, 'IMPRUDENCIA DEL PEATÓN', 43),
	(491, 'INVASIÓN DE CARRIL', 43),
	(492, 'VÍA EN MAL ESTADO', 43),
	(493, 'FALLA MECÁNICA', 43),
	(494, 'FACTOR AMBIENTAL', 43),
	(495, 'DESACATO SEÑAL DE TRÁNSITO POR PARTE DEL CONDUCTOR', 43),
	(496, 'SEÑALIZACIÓN DEFECTUOSA', 43),
	(497, 'FALTA DE LUCES', 43),
	(498, 'ESTADO DE EBRIEDAD DEL PEATÓN', 43),
	(499, 'DESACATO SEÑAL DE TRÁNSITO DEL PEATÓN', 43),
	(500, 'NO IDENTIFICA LA CAUSA', 43),
	(501, 'NO TIENE LA CERTEZA DE DETERMINAR LA CAUSA', 43),
	(502, 'OTROS', 43),
	(503, 'VEHÍCULO NO IDENTIFICADO OTROS (ESPECIFICAR)', 44),
	(504, 'IMPRUDENCIA DEL CONDUCTOR', 45),
	(505, 'EXCESO DE VELOCIDAD', 45),
	(506, 'EBRIEDAD DEL CONDUCTOR', 45),
	(507, 'IMPRUDENCIA DEL PEATÓN', 45),
	(508, 'INVASIÓN DE CARRIL', 45),
	(509, 'VÍA EN MAL ESTADO', 45),
	(510, 'FALLA MECÁNICA', 45),
	(511, 'FACTOR AMBIENTAL', 45),
	(512, 'DESACATO SEÑAL DE TRÁNSITO POR PARTE DEL CONDUCTOR', 45),
	(513, 'SEÑALIZACIÓN DEFECTUOSA', 45),
	(514, 'FALTA DE LUCES', 45),
	(515, 'ESTADO DE EBRIEDAD DEL PEATÓN', 45),
	(516, 'DESACATO SEÑAL DE TRÁNSITO DEL PEATÓN', 45),
	(517, 'NO IDENTIFICA LA CAUSA', 45),
	(518, 'NO TIENE LA CERTEZA DE DETERMINAR LA CAUSA', 45),
	(519, 'OTROS', 45),
	(520, 'IMPRUDENCIA DEL CONDUCTOR', 46),
	(521, 'EXCESO DE VELOCIDAD', 46),
	(522, 'EBRIEDAD DEL CONDUCTOR', 46),
	(523, 'IMPRUDENCIA DEL PEATÓN', 46),
	(524, 'INVASIÓN DE CARRIL', 46),
	(525, 'VÍA EN MAL ESTADO', 46),
	(526, 'FALLA MECÁNICA', 46),
	(527, 'FACTOR AMBIENTAL', 46),
	(528, 'DESACATO SEÑAL DE TRÁNSITO POR PARTE DEL CONDUCTOR', 46),
	(529, 'SEÑALIZACIÓN DEFECTUOSA', 46),
	(530, 'FALTA DE LUCES', 46),
	(531, 'ESTADO DE EBRIEDAD DEL PEATÓN', 46),
	(532, 'DESACATO SEÑAL DE TRÁNSITO DEL PEATÓN', 46),
	(533, 'NO IDENTIFICA LA CAUSA', 46),
	(534, 'NO TIENE LA CERTEZA DE DETERMINAR LA CAUSA', 46),
	(535, 'OTROS', 46),
	(536, 'IMPRUDENCIA DEL CONDUCTOR', 47),
	(537, 'EXCESO DE VELOCIDAD', 47),
	(538, 'EBRIEDAD DEL CONDUCTOR', 47),
	(539, 'IMPRUDENCIA DEL PEATÓN', 47),
	(540, 'INVASIÓN DE CARRIL', 47),
	(541, 'VÍA EN MAL ESTADO', 47),
	(542, 'FALLA MECÁNICA', 47),
	(543, 'FACTOR AMBIENTAL', 47),
	(544, 'DESACATO SEÑAL DE TRÁNSITO POR PARTE DEL CONDUCTOR', 47),
	(545, 'SEÑALIZACIÓN DEFECTUOSA', 47),
	(546, 'FALTA DE LUCES', 47),
	(547, 'ESTADO DE EBRIEDAD DEL PEATÓN', 47),
	(548, 'DESACATO SEÑAL DE TRÁNSITO DEL PEATÓN', 47),
	(549, 'NO IDENTIFICA LA CAUSA', 47),
	(550, 'NO TIENE LA CERTEZA DE DETERMINAR LA CAUSA', 47),
	(551, 'OTROS', 47),
	(552, 'IMPRUDENCIA DEL CONDUCTOR', 48),
	(553, 'EXCESO DE VELOCIDAD', 48),
	(554, 'EBRIEDAD DEL CONDUCTOR', 48),
	(555, 'IMPRUDENCIA DEL PEATÓN', 48),
	(556, 'INVASIÓN DE CARRIL', 48),
	(557, 'VÍA EN MAL ESTADO', 48),
	(558, 'FALLA MECÁNICA', 48),
	(559, 'FACTOR AMBIENTAL', 48),
	(560, 'DESACATO SEÑAL DE TRÁNSITO POR PARTE DEL CONDUCTOR', 48),
	(561, 'SEÑALIZACIÓN DEFECTUOSA', 48),
	(562, 'FALTA DE LUCES', 48),
	(563, 'ESTADO DE EBRIEDAD DEL PEATÓN', 48),
	(564, 'DESACATO SEÑAL DE TRÁNSITO DEL PEATÓN', 48),
	(565, 'NO IDENTIFICA LA CAUSA', 48),
	(566, 'NO TIENE LA CERTEZA DE DETERMINAR LA CAUSA', 48),
	(567, 'OTROS', 48),
	(568, 'IMPRUDENCIA DEL CONDUCTOR', 49),
	(569, 'EXCESO DE VELOCIDAD', 49),
	(570, 'EBRIEDAD DEL CONDUCTOR', 49),
	(571, 'IMPRUDENCIA DEL PEATÓN', 49),
	(572, 'INVASIÓN DE CARRIL', 49),
	(573, 'VÍA EN MAL ESTADO', 49),
	(574, 'FALLA MECÁNICA', 49),
	(575, 'FACTOR AMBIENTAL', 49),
	(576, 'DESACATO SEÑAL DE TRÁNSITO POR PARTE DEL CONDUCTOR', 49),
	(577, 'SEÑALIZACIÓN DEFECTUOSA', 49),
	(578, 'FALTA DE LUCES', 49),
	(579, 'ESTADO DE EBRIEDAD DEL PEATÓN', 49),
	(580, 'DESACATO SEÑAL DE TRÁNSITO DEL PEATÓN', 49),
	(581, 'NO IDENTIFICA LA CAUSA', 49),
	(582, 'NO TIENE LA CERTEZA DE DETERMINAR LA CAUSA', 49),
	(583, 'OTROS', 49),
	(584, 'IMPRUDENCIA DEL CONDUCTOR', 50),
	(585, 'EXCESO DE VELOCIDAD', 50),
	(586, 'EBRIEDAD DEL CONDUCTOR', 50),
	(587, 'IMPRUDENCIA DEL PEATÓN', 50),
	(588, 'INVASIÓN DE CARRIL', 50),
	(589, 'VÍA EN MAL ESTADO', 50),
	(590, 'FALLA MECÁNICA', 50),
	(591, 'FACTOR AMBIENTAL', 50),
	(592, 'DESACATO SEÑAL DE TRÁNSITO POR PARTE DEL CONDUCTOR', 50),
	(593, 'SEÑALIZACIÓN DEFECTUOSA', 50),
	(594, 'FALTA DE LUCES', 50),
	(595, 'ESTADO DE EBRIEDAD DEL PEATÓN', 50),
	(596, 'DESACATO SEÑAL DE TRÁNSITO DEL PEATÓN', 50),
	(597, 'NO IDENTIFICA LA CAUSA', 50),
	(598, 'NO TIENE LA CERTEZA DE DETERMINAR LA CAUSA', 50),
	(599, 'OTROS', 50),
	(600, 'IMPRUDENCIA DEL CONDUCTOR', 51),
	(601, 'EXCESO DE VELOCIDAD', 51),
	(602, 'EBRIEDAD DEL CONDUCTOR', 51),
	(603, 'IMPRUDENCIA DEL PEATÓN', 51),
	(604, 'INVASIÓN DE CARRIL', 51),
	(605, 'VÍA EN MAL ESTADO', 51),
	(606, 'FALLA MECÁNICA', 51),
	(607, 'FACTOR AMBIENTAL', 51),
	(608, 'DESACATO SEÑAL DE TRÁNSITO POR PARTE DEL CONDUCTOR', 51),
	(609, 'SEÑALIZACIÓN DEFECTUOSA', 51),
	(610, 'FALTA DE LUCES', 51),
	(611, 'ESTADO DE EBRIEDAD DEL PEATÓN', 51),
	(612, 'DESACATO SEÑAL DE TRÁNSITO DEL PEATÓN', 51),
	(613, 'NO IDENTIFICA LA CAUSA', 51),
	(614, 'NO TIENE LA CERTEZA DE DETERMINAR LA CAUSA', 51),
	(615, 'OTROS', 51),
	(616, 'IMPRUDENCIA DEL CONDUCTOR', 52),
	(617, 'EXCESO DE VELOCIDAD', 52),
	(618, 'EBRIEDAD DEL CONDUCTOR', 52),
	(619, 'IMPRUDENCIA DEL PEATÓN', 52),
	(620, 'INVASIÓN DE CARRIL', 52),
	(621, 'VÍA EN MAL ESTADO', 52),
	(622, 'FALLA MECÁNICA', 52),
	(623, 'FACTOR AMBIENTAL', 52),
	(624, 'DESACATO SEÑAL DE TRÁNSITO POR PARTE DEL CONDUCTOR', 52),
	(625, 'SEÑALIZACIÓN DEFECTUOSA', 52),
	(626, 'FALTA DE LUCES', 52),
	(627, 'ESTADO DE EBRIEDAD DEL PEATÓN', 52),
	(628, 'DESACATO SEÑAL DE TRÁNSITO DEL PEATÓN', 52),
	(629, 'NO IDENTIFICA LA CAUSA', 52),
	(630, 'NO TIENE LA CERTEZA DE DETERMINAR LA CAUSA', 52),
	(631, 'OTROS', 52),
	(632, 'IMPRUDENCIA DEL CONDUCTOR', 53),
	(633, 'EXCESO DE VELOCIDAD', 53),
	(634, 'EBRIEDAD DEL CONDUCTOR', 53),
	(635, 'IMPRUDENCIA DEL PEATÓN', 53),
	(636, 'INVASIÓN DE CARRIL', 53),
	(637, 'VÍA EN MAL ESTADO', 53),
	(638, 'FALLA MECÁNICA', 53),
	(639, 'FACTOR AMBIENTAL', 53),
	(640, 'DESACATO SEÑAL DE TRÁNSITO POR PARTE DEL CONDUCTOR', 53),
	(641, 'SEÑALIZACIÓN DEFECTUOSA', 53),
	(642, 'FALTA DE LUCES', 53),
	(643, 'ESTADO DE EBRIEDAD DEL PEATÓN', 53),
	(644, 'DESACATO SEÑAL DE TRÁNSITO DEL PEATÓN', 53),
	(645, 'NO IDENTIFICA LA CAUSA', 53),
	(646, 'NO TIENE LA CERTEZA DE DETERMINAR LA CAUSA', 53),
	(647, 'OTROS', 53),
	(648, 'IMPRUDENCIA DEL CONDUCTOR', 54),
	(649, 'EXCESO DE VELOCIDAD', 54),
	(650, 'EBRIEDAD DEL CONDUCTOR', 54),
	(651, 'IMPRUDENCIA DEL PEATÓN', 54),
	(652, 'INVASIÓN DE CARRIL', 54),
	(653, 'VÍA EN MAL ESTADO', 54),
	(654, 'FALLA MECÁNICA', 54),
	(655, 'FACTOR AMBIENTAL', 54),
	(656, 'DESACATO SEÑAL DE TRÁNSITO POR PARTE DEL CONDUCTOR', 54),
	(657, 'SEÑALIZACIÓN DEFECTUOSA', 54),
	(658, 'FALTA DE LUCES', 54),
	(659, 'ESTADO DE EBRIEDAD DEL PEATÓN', 54),
	(660, 'DESACATO SEÑAL DE TRÁNSITO DEL PEATÓN', 54),
	(661, 'NO IDENTIFICA LA CAUSA', 54),
	(662, 'NO TIENE LA CERTEZA DE DETERMINAR LA CAUSA', 54),
	(663, 'OTROS', 54),
	(664, 'VEHÍCULO NO IDENTIFICADO OTROS (ESPECIFICAR)', 55),
	(665, 'NO SE ACTIVA', 56),
	(666, 'FALLANDO', 57),
	(667, 'APAGADO', 57),
	(668, 'BLOQUEO TOTAL DE VÍA', 58),
	(669, 'BLOQUEO DE UN CARRIL', 58),
	(670, 'BLOQUE DE EMBARQUE / PARADERO', 58),
	(671, 'SE ESTACIONA EN ZONA DE SERVICIO', 58),
	(672, 'BUS CONTINUO SU SERVICIO ', 58),
	(673, 'BUS SE RETIRA A PATIO', 58),
	(674, 'OTROS', 58),
	(675, 'BLOQUEO TOTAL DE VÍA', 59),
	(676, 'BLOQUEO DE UN CARRIL', 59),
	(677, 'BLOQUE DE EMBARQUE / PARADERO', 59),
	(678, 'SE ESTACIONA EN ZONA DE SERVICIO', 59),
	(679, 'BUS CONTINUO SU SERVICIO ', 59),
	(680, 'BUS SE RETIRA A PATIO', 59),
	(681, 'OTROS', 59),
	(682, 'BLOQUEO TOTAL DE VÍA', 60),
	(683, 'BLOQUEO DE UN CARRIL', 60),
	(684, 'BLOQUE DE EMBARQUE / PARADERO', 60),
	(685, 'SE ESTACIONA EN ZONA DE SERVICIO', 60),
	(686, 'BUS CONTINUO SU SERVICIO ', 60),
	(687, 'BUS SE RETIRA A PATIO', 60),
	(688, 'OTROS', 60),
	(689, 'BLOQUEO TOTAL DE VÍA', 61),
	(690, 'BLOQUEO DE UN CARRIL', 61),
	(691, 'BLOQUE DE EMBARQUE / PARADERO', 61),
	(692, 'SE ESTACIONA EN ZONA DE SERVICIO', 61),
	(693, 'BUS CONTINUO SU SERVICIO ', 61),
	(694, 'BUS SE RETIRA A PATIO', 61),
	(695, 'OTROS', 61),
	(696, 'BLOQUEO TOTAL DE VÍA', 62),
	(697, 'BLOQUEO DE UN CARRIL', 62),
	(698, 'BLOQUE DE EMBARQUE / PARADERO', 62),
	(699, 'SE ESTACIONA EN ZONA DE SERVICIO', 62),
	(700, 'BUS CONTINUO SU SERVICIO ', 62),
	(701, 'BUS SE RETIRA A PATIO', 62),
	(702, 'OTROS', 62),
	(703, 'BLOQUEO TOTAL DE VÍA', 63),
	(704, 'BLOQUEO DE UN CARRIL', 63),
	(705, 'BLOQUE DE EMBARQUE / PARADERO', 63),
	(706, 'SE ESTACIONA EN ZONA DE SERVICIO', 63),
	(707, 'BUS CONTINUO SU SERVICIO ', 63),
	(708, 'BUS SE RETIRA A PATIO', 63),
	(709, 'OTROS', 63),
	(710, 'BLOQUEO TOTAL DE VÍA', 64),
	(711, 'BLOQUEO DE UN CARRIL', 64),
	(712, 'BLOQUE DE EMBARQUE / PARADERO', 64),
	(713, 'SE ESTACIONA EN ZONA DE SERVICIO', 64),
	(714, 'BUS CONTINUO SU SERVICIO ', 64),
	(715, 'BUS SE RETIRA A PATIO', 64),
	(716, 'OTROS', 64),
	(717, 'DISTANCIA ENTRE BUS Y EMBARQUE', 65),
	(718, 'USO DE CELULAR', 65),
	(719, 'POR CORRER', 65),
	(720, 'EMPUJÓN', 65),
	(721, 'TROPEZAR', 65),
	(722, 'DISTANCIA ENTRE BUS Y EMBARQUE', 66),
	(723, 'USO DE CELULAR', 66),
	(724, 'POR CORRER', 66),
	(725, 'EMPUJÓN', 66),
	(726, 'TROPEZAR', 66),
	(727, 'MANEJO INADECUADO', 67),
	(728, 'NO DISMINUYE LA VELOCIDAD EN GIROS Y CURVAS', 67),
	(729, 'EXCESO DE VELOCIDAD EN PASO A DESNIVEL', 67),
	(730, 'EXCESO DE VELOCIDAD EN ROMPEMUELLES', 67),
	(731, 'POR CORRER DENTRO DEL BUS', 67),
	(732, 'EMPUJÓNENTRE USUARIOS', 67),
	(733, 'TROPEZAR CON COSAS, EQUIPOS', 67),
	(734, 'FALTA DE PASAMANOS', 67),
	(735, 'PASAMANOS DESPRENDIDOS', 67),
	(736, 'IMPRUDENCIA DEL CONDUCTOR', 68),
	(737, 'IMPRUDENCIA DEL USUARIO', 68),
	(738, 'USUARIO PONE EL CUERPO  ', 68),
	(739, ' USUARIO NO RESPETA EL SEMÁFORO DE EMBARQUE', 68),
	(740, ' EL CONDUCTOR CIERRA LA PUERTA MUY RÁPIDO', 68),
	(741, 'EL CONDUCTOR NO REALIZA LA ALERTA DEL CIERRE DE PU', 68),
	(742, ' EL USUARIO INGRESA DE MANERA PREPOTENTE', 68),
	(743, 'ATRAPAMIENTO DE PUERTA POR SUBIR DE MANERA PREPOTE', 69),
	(744, 'CAÍDA DE USUARIO POR SUBIR DE MANERA PREPOTENTE', 69),
	(745, 'APLASTAMIENTO/CAÍDA/GOLPES ENTRE USUARIOS POR IMPR', 69),
	(746, 'MANEJO INADECUADO DEL CONDUCTOR', 70),
	(747, 'DESCOMPENSACIÓN DEL USUARIO (A)', 70),
	(748, 'ACOPLE DE PASAMANOS DETERIORADO', 70),
	(749, 'IMPRUDENCIA DEL CONDUCTOR', 71),
	(750, 'EXCESO DE VELOCIDAD', 71),
	(751, 'EBRIEDAD DEL CONDUCTOR', 71),
	(752, 'IMPRUDENCIA DEL PEATÓN', 71),
	(753, 'INVASIÓN DE CARRIL', 71),
	(754, 'VÍA EN MAL ESTADO', 71),
	(755, 'FALLA MECÁNICA', 71),
	(756, 'FACTOR AMBIENTAL', 71),
	(757, 'DESACATO SEÑAL DE TRÁNSITO POR PARTE DEL CONDUCTOR', 71),
	(758, 'SEÑALIZACIÓN DEFECTUOSA', 71),
	(759, 'FALTA DE LUCES', 71),
	(760, 'ESTADO DE EBRIEDAD DEL PEATÓN', 71),
	(761, 'DESACATO SEÑAL DE TRÁNSITO DEL PEATÓN', 71),
	(762, 'NO IDENTIFICA LA CAUSA', 71),
	(763, 'NO TIENE LA CERTEZA DE DETERMINAR LA CAUSA', 71),
	(764, 'OTROS', 71),
	(765, 'IMPRUDENCIA DEL CONDUCTOR', 72),
	(766, 'EXCESO DE VELOCIDAD', 72),
	(767, 'EBRIEDAD DEL CONDUCTOR', 72),
	(768, 'IMPRUDENCIA DEL PEATÓN', 72),
	(769, 'INVASIÓN DE CARRIL', 72),
	(770, 'VÍA EN MAL ESTADO', 72),
	(771, 'FALLA MECÁNICA', 72),
	(772, 'FACTOR AMBIENTAL', 72),
	(773, 'DESACATO SEÑAL DE TRÁNSITO POR PARTE DEL CONDUCTOR', 72),
	(774, 'SEÑALIZACIÓN DEFECTUOSA', 72),
	(775, 'FALTA DE LUCES', 72),
	(776, 'ESTADO DE EBRIEDAD DEL PEATÓN', 72),
	(777, 'DESACATO SEÑAL DE TRÁNSITO DEL PEATÓN', 72),
	(778, 'NO IDENTIFICA LA CAUSA', 72),
	(779, 'NO TIENE LA CERTEZA DE DETERMINAR LA CAUSA', 72),
	(780, 'OTROS', 72),
	(781, 'IMPRUDENCIA DEL CONDUCTOR', 73),
	(782, 'EXCESO DE VELOCIDAD', 73),
	(783, 'EBRIEDAD DEL CONDUCTOR', 73),
	(784, 'IMPRUDENCIA DEL PEATÓN', 73),
	(785, 'INVASIÓN DE CARRIL', 73),
	(786, 'VÍA EN MAL ESTADO', 73),
	(787, 'FALLA MECÁNICA', 73),
	(788, 'NO IDENTIFICA LA CAUSA', 73),
	(789, 'NO TIENE LA CERTEZA DE DETERMINAR LA CAUSA', 73),
	(790, 'AMBULANTES EN VÍA', 73),
	(791, 'PERSONAS EN VÍA', 73),
	(792, 'ORATE EN VÍA', 73),
	(793, 'IMPRUDENCIA DEL CONDUCTOR', 74),
	(794, 'EXCESO DE VELOCIDAD', 74),
	(795, 'EBRIEDAD DEL CONDUCTOR', 74),
	(796, 'IMPRUDENCIA DE PEATÓN', 74),
	(797, 'INVASIÓN DE CARRIL', 74),
	(798, 'VÍA EN MAL ESTADO', 74),
	(799, 'FALLA MECÁNICA', 74),
	(800, 'FACTOR AMBIENTAL', 74),
	(801, 'DESACATO SEÑAL DE TRÁNSITO POR PARTE DEL CONDUCTOR', 74),
	(802, 'SEÑALIZACIÓN DEFECTUOSA', 74),
	(803, 'FALTA DE LUCES', 74),
	(804, 'NO IDENTIFICA LA CAUSA', 74),
	(805, 'NO TIENE LA CERTEZA DE DETERMINAR LA CAUSA', 74),
	(806, 'OTROS', 74),
	(807, 'IMPRUDENCIA DEL CONDUCTOR', 75),
	(808, 'EXCESO DE VELOCIDAD', 75),
	(809, 'EBRIEDAD DEL CONDUCTOR', 75),
	(810, 'IMPRUDENCIA DEL PEATÓN', 75),
	(811, 'INVASIÓN DE CARRIL', 75),
	(812, 'VÍA EN MAL ESTADO', 75),
	(813, 'FALLA MECÁNICA', 75),
	(814, 'FACTOR AMBIENTAL', 75),
	(815, 'DESACATO SEÑAL DE TRÁNSITO POR PARTE DEL CONDUCTOR', 75),
	(816, 'SEÑALIZACIÓN DEFECTUOSA', 75),
	(817, 'FALTA DE LUCES', 75),
	(818, 'NO IDENTIFICA LA CAUSA', 75),
	(819, 'NO TIENE LA CERTEZA DE DETERMINAR LA CAUSA', 75),
	(820, 'OTROS', 75),
	(821, 'FUGA DE GAS', 76),
	(822, 'FALLA ELECTRICO', 76),
	(823, 'CARGA/OCUPACIÓN DE PRODUCTOS INFLAMABLES', 76),
	(824, 'BANDALISMO / MANIFESTACIONES', 76),
	(825, 'MANEJO INADECUADO', 77),
	(826, 'FALLA DE BUS', 77),
	(827, 'INVASIÓN DE CARRIL DE VEHICULO PARTICULAR', 77),
	(828, 'INVASIÓN DE CARRIL DE BUS COSAC I', 77),
	(829, 'INVASIÓN DE CARRIL DE BUS COSAC I', 77),
	(830, 'DESACATO SEÑAL DE TRÁNSITO POR PARTE DEL CONDUCTOR', 78),
	(831, 'EBRIEDAD DEL CONDUCTOR', 78),
	(832, 'ESTADO DE EBRIEDAD DEL PEATÓN', 78),
	(833, 'EXCESO DE VELOCIDAD', 78),
	(834, 'FACTOR AMBIENTAL', 78),
	(835, 'FALLA MECÁNICA', 78),
	(836, 'FALTA DE LUCES', 78),
	(837, 'IMPRUDENCIA DEL CONDUCTOR', 78),
	(838, 'INVASIÓN DE CARRIL DEL ANIMAL', 78),
	(839, 'NO TIENE LA CERTEZA DE DETERMINAR LA CAUSA', 78),
	(840, 'SEÑALIZACIÓN DEFECTUOSA', 78),
	(841, 'VÍA EN MAL ESTADO', 78),
	(842, 'OTROS', 78),
	(843, 'IMPRUDENCIA DEL CONDUCTOR DEL BUS', 79),
	(844, 'EXCESO DE VELOCIDAD DEL BUS', 79),
	(845, 'ESTADO DE EBRIEDAD DEL CONDUCTOR DEL BUS', 79),
	(846, 'IMPRUDENCIA DEL CONDUCTOR DE LA MOTO', 79),
	(847, 'INVASIÓN DE CARRIL', 79),
	(848, 'VÍA EN MAL ESTADO', 79),
	(849, 'FALLA MECÁNICA', 79),
	(850, 'FACTOR AMBIENTAL', 79),
	(851, 'DESACATO SEÑAL DE TRÁNSITO POR PARTE DEL CONDUCTOR', 79),
	(852, 'SEÑALIZACIÓN DEFECTUOSA', 79),
	(853, 'FALTA DE LUCES', 79),
	(854, 'ESTADO DE EBRIEDAD DE CONDUCTOR DE LA MOTO LINEAL', 79),
	(855, 'DESACATO SEÑAL DE TRÁNSITO DEL PEATÓN', 79),
	(856, 'NO IDENTIFICA LA CAUSA', 79),
	(857, 'NO TIENE LA CERTEZA DE DETERMINAR LA CAUSA', 79),
	(858, 'OTROS', 79),
	(859, 'IMPRUDENCIA DEL CONDUCTOR DEL BUS', 80),
	(860, 'EXCESO DE VELOCIDAD DEL BUS', 80),
	(861, 'ESTADO DE EBRIEDAD DEL CONDUCTOR DEL BUS', 80),
	(862, 'IMPRUDENCIA DEL CONDUCTOR DE LA MOTO', 80),
	(863, 'INVASIÓN DE CARRIL', 80),
	(864, 'VÍA EN MAL ESTADO', 80),
	(865, 'FALLA MECÁNICA', 80),
	(866, 'FACTOR AMBIENTAL', 80),
	(867, 'DESACATO SEÑAL DE TRÁNSITO POR PARTE DEL CONDUCTOR', 80),
	(868, 'SEÑALIZACIÓN DEFECTUOSA', 80),
	(869, 'FALTA DE LUCES', 80),
	(870, 'ESTADO DE EBRIEDAD DE CONDUCTOR DE LA MOTO LINEAL', 80),
	(871, 'DESACATO SEÑAL DE TRÁNSITO DEL PEATÓN', 80),
	(872, 'NO IDENTIFICA LA CAUSA', 80),
	(873, 'NO TIENE LA CERTEZA DE DETERMINAR LA CAUSA', 80),
	(874, 'OTROS', 80),
	(875, 'IMPRUDENCIA DEL CONDUCTOR DEL BUS', 81),
	(876, 'EXCESO DE VELOCIDAD DEL BUS', 81),
	(877, 'ESTADO DE EBRIEDAD DEL CONDUCTOR DEL BUS', 81),
	(878, 'IMPRUDENCIA DEL CONDUCTOR DE LA MOTO', 81),
	(879, 'INVASIÓN DE CARRIL', 81),
	(880, 'VÍA EN MAL ESTADO', 81),
	(881, 'FALLA MECÁNICA', 81),
	(882, 'FACTOR AMBIENTAL', 81),
	(883, 'DESACATO SEÑAL DE TRÁNSITO POR PARTE DEL CONDUCTOR', 81),
	(884, 'SEÑALIZACIÓN DEFECTUOSA', 81),
	(885, 'FALTA DE LUCES', 81),
	(886, 'ESTADO DE EBRIEDAD DE CONDUCTOR DE LA MOTO LINEAL', 81),
	(887, 'DESACATO SEÑAL DE TRÁNSITO DEL PEATÓN', 81),
	(888, 'NO IDENTIFICA LA CAUSA', 81),
	(889, 'NO TIENE LA CERTEZA DE DETERMINAR LA CAUSA', 81),
	(890, 'OTROS', 81),
	(891, 'IMPRUDENCIA DEL CONDUCTOR DEL BUS', 82),
	(892, 'EXCESO DE VELOCIDAD DEL BUS', 82),
	(893, 'ESTADO DE EBRIEDAD DEL CONDUCTOR DEL BUS', 82),
	(894, 'IMPRUDENCIA DEL CONDUCTOR DE LA MOTO', 82),
	(895, 'INVASIÓN DE CARRIL', 82),
	(896, 'VÍA EN MAL ESTADO', 82),
	(897, 'FALLA MECÁNICA', 82),
	(898, 'FACTOR AMBIENTAL', 82),
	(899, 'DESACATO SEÑAL DE TRÁNSITO POR PARTE DEL CONDUCTOR', 82),
	(900, 'SEÑALIZACIÓN DEFECTUOSA', 82),
	(901, 'FALTA DE LUCES', 82),
	(902, 'ESTADO DE EBRIEDAD DE CONDUCTOR DE LA MOTO LINEAL', 82),
	(903, 'DESACATO SEÑAL DE TRÁNSITO DEL PEATÓN', 82),
	(904, 'NO IDENTIFICA LA CAUSA', 82),
	(905, 'NO TIENE LA CERTEZA DE DETERMINAR LA CAUSA', 82),
	(906, 'OTROS', 82),
	(907, 'IMPRUDENCIA DEL CONDUCTOR DEL BUS', 83),
	(908, 'EXCESO DE VELOCIDAD DEL BUS', 83),
	(909, 'ESTADO DE EBRIEDAD DEL CONDUCTOR DEL BUS', 83),
	(910, 'IMPRUDENCIA DEL CONDUCTOR DE LA MOTO', 83),
	(911, 'INVASIÓN DE CARRIL', 83),
	(912, 'VÍA EN MAL ESTADO', 83),
	(913, 'FALLA MECÁNICA', 83),
	(914, 'FACTOR AMBIENTAL', 83),
	(915, 'DESACATO SEÑAL DE TRÁNSITO POR PARTE DEL CONDUCTOR', 83),
	(916, 'SEÑALIZACIÓN DEFECTUOSA', 83),
	(917, 'FALTA DE LUCES', 83),
	(918, 'ESTADO DE EBRIEDAD DE CONDUCTOR DE LA MOTO LINEAL', 83),
	(919, 'DESACATO SEÑAL DE TRÁNSITO DEL PEATÓN', 83),
	(920, 'NO IDENTIFICA LA CAUSA', 83),
	(921, 'NO TIENE LA CERTEZA DE DETERMINAR LA CAUSA', 83),
	(922, 'OTROS', 83),
	(923, 'IMPRUDENCIA DEL CONDUCTOR DEL BUS', 84),
	(924, 'EXCESO DE VELOCIDAD DEL BUS', 84),
	(925, 'ESTADO DE EBRIEDAD DEL CONDUCTOR DEL BUS', 84),
	(926, 'IMPRUDENCIA DEL CONDUCTOR DE LA MOTO', 84),
	(927, 'INVASIÓN DE CARRIL', 84),
	(928, 'VÍA EN MAL ESTADO', 84),
	(929, 'FALLA MECÁNICA', 84),
	(930, 'FACTOR AMBIENTAL', 84),
	(931, 'DESACATO SEÑAL DE TRÁNSITO POR PARTE DEL CONDUCTOR', 84),
	(932, 'SEÑALIZACIÓN DEFECTUOSA', 84),
	(933, 'FALTA DE LUCES', 84),
	(934, 'ESTADO DE EBRIEDAD DE CONDUCTOR DE LA MOTO LINEAL', 84),
	(935, 'DESACATO SEÑAL DE TRÁNSITO DEL PEATÓN', 84),
	(936, 'NO IDENTIFICA LA CAUSA', 84),
	(937, 'NO TIENE LA CERTEZA DE DETERMINAR LA CAUSA', 84),
	(938, 'OTROS', 84),
	(939, 'EXCESO DE VELOCIDAD DEL BUS', 85),
	(940, 'IMPRUDENCIA DEL CONDUCTOR DE LA MOTO', 85),
	(941, 'MOTO INVASIÓN DE CARRIL', 85),
	(942, 'FALLA MECANICA', 85),
	(943, 'DESACATO SEÑAL DE TRÁNSITO POR PARTE DEL CONDUCTOR', 85),
	(944, 'VEHÍCULO NO IDENTIFICADO OTROS (ESPECIFICAR)', 86),
	(945, 'IMPRUDENCIA DEL CONDUCTOR', 87),
	(946, 'FRENADA INTEMPESTIVA DEL PRIMER BUS', 87),
	(947, 'EXCESO DE VELOCIDAD', 87),
	(948, 'EBRIEDAD DEL CONDUCTOR', 87),
	(949, 'IMPRUDENCIA DEL PEATÓN', 87),
	(950, 'INVASIÓN DE CARRIL', 87),
	(951, 'VÍA EN MAL ESTADO', 87),
	(952, 'FALLA MECÁNICA', 87),
	(953, 'FACTOR AMBIENTAL', 87),
	(954, 'DESACATO SEÑAL DE TRÁNSITO POR PARTE DEL CONDUCTOR', 87),
	(955, 'SEÑALIZACIÓN DEFECTUOSA', 87),
	(956, 'FALTA DE LUCES', 87),
	(957, 'ESTADO DE EBRIEDAD DEL PEATÓN', 87),
	(958, 'DESACATO SEÑAL DE TRÁNSITO DEL PEATÓN', 87),
	(959, 'NO IDENTIFICA LA CAUSA', 87),
	(960, 'NO TIENE LA CERTEZA DE DETERMINAR LA CAUSA', 87),
	(961, 'OTROS', 87),
	(962, 'IMPRUDENCIA DEL CONDUCTOR', 88),
	(963, 'EXCESO DE VELOCIDAD', 88),
	(964, 'EBRIEDAD DEL CONDUCTOR', 88),
	(965, 'IMPRUDENCIA DEL PEATÓN', 88),
	(966, 'INVASIÓN DE CARRIL', 88),
	(967, 'VÍA EN MAL ESTADO', 88),
	(968, 'FALLA MECÁNICA', 88),
	(969, 'FACTOR AMBIENTAL', 88),
	(970, 'DESACATO SEÑAL DE TRÁNSITO POR PARTE DEL CONDUCTOR', 88),
	(971, 'SEÑALIZACIÓN DEFECTUOSA', 88),
	(972, 'FALTA DE LUCES', 88),
	(973, 'ESTADO DE EBRIEDAD DEL PEATÓN', 88),
	(974, 'DESACATO SEÑAL DE TRÁNSITO DEL PEATÓN', 88),
	(975, 'NO IDENTIFICA LA CAUSA', 88),
	(976, 'NO TIENE LA CERTEZA DE DETERMINAR LA CAUSA', 88),
	(977, 'OTROS', 88),
	(978, 'IMPRUDENCIA DEL CONDUCTOR', 89),
	(979, 'EXCESO DE VELOCIDAD', 89),
	(980, 'EBRIEDAD DEL CONDUCTOR', 89),
	(981, 'IMPRUDENCIA DEL PEATÓN', 89),
	(982, 'INVASIÓN DE CARRIL', 89),
	(983, 'VÍA EN MAL ESTADO', 89),
	(984, 'FALLA MECÁNICA', 89),
	(985, 'FACTOR AMBIENTAL', 89),
	(986, 'DESACATO SEÑAL DE TRÁNSITO POR PARTE DEL CONDUCTOR', 89),
	(987, 'SEÑALIZACIÓN DEFECTUOSA', 89),
	(988, 'FALTA DE LUCES', 89),
	(989, 'ESTADO DE EBRIEDAD DEL PEATÓN', 89),
	(990, 'DESACATO SEÑAL DE TRÁNSITO DEL PEATÓN', 89),
	(991, 'NO IDENTIFICA LA CAUSA', 89),
	(992, 'NO TIENE LA CERTEZA DE DETERMINAR LA CAUSA', 89),
	(993, 'OTROS', 89),
	(994, 'IMPRUDENCIA DEL CONDUCTOR', 90),
	(995, 'EXCESO DE VELOCIDAD', 90),
	(996, 'EBRIEDAD DEL CONDUCTOR', 90),
	(997, 'IMPRUDENCIA DEL PEATÓN', 90),
	(998, 'INVASIÓN DE CARRIL', 90),
	(999, 'VÍA EN MAL ESTADO', 90),
	(1000, 'FALLA MECÁNICA', 90),
	(1001, 'FACTOR AMBIENTAL', 90),
	(1002, 'DESACATO SEÑAL DE TRÁNSITO POR PARTE DEL CONDUCTOR', 90),
	(1003, 'SEÑALIZACIÓN DEFECTUOSA', 90),
	(1004, 'FALTA DE LUCES', 90),
	(1005, 'ESTADO DE EBRIEDAD DEL PEATÓN', 90),
	(1006, 'DESACATO SEÑAL DE TRÁNSITO DEL PEATÓN', 90),
	(1007, 'NO IDENTIFICA LA CAUSA', 90),
	(1008, 'NO TIENE LA CERTEZA DE DETERMINAR LA CAUSA', 90),
	(1009, 'OTROS', 90),
	(1010, 'IMPRUDENCIA DEL CONDUCTOR', 91),
	(1011, 'EXCESO DE VELOCIDAD', 91),
	(1012, 'EBRIEDAD DEL CONDUCTOR', 91),
	(1013, 'IMPRUDENCIA DEL PEATÓN', 91),
	(1014, 'INVASIÓN DE CARRIL', 91),
	(1015, 'VÍA EN MAL ESTADO', 91),
	(1016, 'FALLA MECÁNICA', 91),
	(1017, 'FACTOR AMBIENTAL', 91),
	(1018, 'DESACATO SEÑAL DE TRÁNSITO POR PARTE DEL CONDUCTOR', 91),
	(1019, 'SEÑALIZACIÓN DEFECTUOSA', 91),
	(1020, 'FALTA DE LUCES', 91),
	(1021, 'ESTADO DE EBRIEDAD DEL PEATÓN', 91),
	(1022, 'DESACATO SEÑAL DE TRÁNSITO DEL PEATÓN', 91),
	(1023, 'NO IDENTIFICA LA CAUSA', 91),
	(1024, 'NO TIENE LA CERTEZA DE DETERMINAR LA CAUSA', 91),
	(1025, 'OTROS', 91),
	(1026, 'IMPRUDENCIA DEL CONDUCTOR', 92),
	(1027, 'EXCESO DE VELOCIDAD', 92),
	(1028, 'EBRIEDAD DEL CONDUCTOR', 92),
	(1029, 'IMPRUDENCIA DEL PEATÓN', 92),
	(1030, 'INVASIÓN DE CARRIL', 92),
	(1031, 'VÍA EN MAL ESTADO', 92),
	(1032, 'FALLA MECÁNICA', 92),
	(1033, 'FACTOR AMBIENTAL', 92),
	(1034, 'DESACATO SEÑAL DE TRÁNSITO POR PARTE DEL CONDUCTOR', 92),
	(1035, 'SEÑALIZACIÓN DEFECTUOSA', 92),
	(1036, 'FALTA DE LUCES', 92),
	(1037, 'ESTADO DE EBRIEDAD DEL PEATÓN', 92),
	(1038, 'DESACATO SEÑAL DE TRÁNSITO DEL PEATÓN', 92),
	(1039, 'NO IDENTIFICA LA CAUSA', 92),
	(1040, 'NO TIENE LA CERTEZA DE DETERMINAR LA CAUSA', 92),
	(1041, 'OTROS', 92),
	(1042, 'IMPRUDENCIA DEL CONDUCTOR', 93),
	(1043, 'EXCESO DE VELOCIDAD', 93),
	(1044, 'EBRIEDAD DEL CONDUCTOR', 93),
	(1045, 'IMPRUDENCIA DEL PEATÓN', 93),
	(1046, 'INVASIÓN DE CARRIL', 93),
	(1047, 'VÍA EN MAL ESTADO', 93),
	(1048, 'FALLA MECÁNICA', 93),
	(1049, 'FACTOR AMBIENTAL', 93),
	(1050, 'DESACATO SEÑAL DE TRÁNSITO POR PARTE DEL CONDUCTOR', 93),
	(1051, 'SEÑALIZACIÓN DEFECTUOSA', 93),
	(1052, 'FALTA DE LUCES', 93),
	(1053, 'ESTADO DE EBRIEDAD DEL PEATÓN', 93),
	(1054, 'DESACATO SEÑAL DE TRÁNSITO DEL PEATÓN', 93),
	(1055, 'NO IDENTIFICA LA CAUSA', 93),
	(1056, 'NO TIENE LA CERTEZA DE DETERMINAR LA CAUSA', 93),
	(1057, 'OTROS', 93),
	(1058, 'IMPRUDENCIA DEL CONDUCTOR', 94),
	(1059, 'EXCESO DE VELOCIDAD', 94),
	(1060, 'EBRIEDAD DEL CONDUCTOR', 94),
	(1061, 'IMPRUDENCIA DEL PEATÓN', 94),
	(1062, 'INVASIÓN DE CARRIL', 94),
	(1063, 'VÍA EN MAL ESTADO', 94),
	(1064, 'FALLA MECÁNICA', 94),
	(1065, 'FACTOR AMBIENTAL', 94),
	(1066, 'DESACATO SEÑAL DE TRÁNSITO POR PARTE DEL CONDUCTOR', 94),
	(1067, 'SEÑALIZACIÓN DEFECTUOSA', 94),
	(1068, 'FALTA DE LUCES', 94),
	(1069, 'ESTADO DE EBRIEDAD DEL PEATÓN', 94),
	(1070, 'DESACATO SEÑAL DE TRÁNSITO DEL PEATÓN', 94),
	(1071, 'NO IDENTIFICA LA CAUSA', 94),
	(1072, 'NO TIENE LA CERTEZA DE DETERMINAR LA CAUSA', 94),
	(1073, 'OTROS', 94),
	(1074, 'IMPRUDENCIA DEL CONDUCTOR', 95),
	(1075, 'EXCESO DE VELOCIDAD', 95),
	(1076, 'EBRIEDAD DEL CONDUCTOR', 95),
	(1077, 'IMPRUDENCIA DEL PEATÓN', 95),
	(1078, 'INVASIÓN DE CARRIL', 95),
	(1079, 'VÍA EN MAL ESTADO', 95),
	(1080, 'FALLA MECÁNICA', 95),
	(1081, 'FACTOR AMBIENTAL', 95),
	(1082, 'DESACATO SEÑAL DE TRÁNSITO POR PARTE DEL CONDUCTOR', 95),
	(1083, 'SEÑALIZACIÓN DEFECTUOSA', 95),
	(1084, 'FALTA DE LUCES', 95),
	(1085, 'ESTADO DE EBRIEDAD DEL PEATÓN', 95),
	(1086, 'DESACATO SEÑAL DE TRÁNSITO DEL PEATÓN', 95),
	(1087, 'NO IDENTIFICA LA CAUSA', 95),
	(1088, 'NO TIENE LA CERTEZA DE DETERMINAR LA CAUSA', 95),
	(1089, 'OTROS', 95),
	(1090, 'IMPRUDENCIA DEL CONDUCTOR', 96),
	(1091, 'EXCESO DE VELOCIDAD', 96),
	(1092, 'EBRIEDAD DEL CONDUCTOR', 96),
	(1093, 'IMPRUDENCIA DEL PEATÓN', 96),
	(1094, 'INVASIÓN DE CARRIL', 96),
	(1095, 'VÍA EN MAL ESTADO', 96),
	(1096, 'FALLA MECÁNICA', 96),
	(1097, 'FACTOR AMBIENTAL', 96),
	(1098, 'DESACATO SEÑAL DE TRÁNSITO POR PARTE DEL CONDUCTOR', 96),
	(1099, 'SEÑALIZACIÓN DEFECTUOSA', 96),
	(1100, 'FALTA DE LUCES', 96),
	(1101, 'ESTADO DE EBRIEDAD DEL PEATÓN', 96),
	(1102, 'DESACATO SEÑAL DE TRÁNSITO DEL PEATÓN', 96),
	(1103, 'NO IDENTIFICA LA CAUSA', 96),
	(1104, 'NO TIENE LA CERTEZA DE DETERMINAR LA CAUSA', 96),
	(1105, 'OTROS', 96),
	(1106, 'IMPRUDENCIA DEL CONDUCTOR', 97),
	(1107, 'EXCESO DE VELOCIDAD', 97),
	(1108, 'EBRIEDAD DEL CONDUCTOR', 97),
	(1109, 'IMPRUDENCIA DEL PEATÓN', 97),
	(1110, 'INVASIÓN DE CARRIL', 97),
	(1111, 'VÍA EN MAL ESTADO', 97),
	(1112, 'FALLA MECÁNICA', 97),
	(1113, 'FACTOR AMBIENTAL', 97),
	(1114, 'DESACATO SEÑAL DE TRÁNSITO POR PARTE DEL CONDUCTOR', 97),
	(1115, 'SEÑALIZACIÓN DEFECTUOSA', 97),
	(1116, 'FALTA DE LUCES', 97),
	(1117, 'ESTADO DE EBRIEDAD DEL PEATÓN', 97),
	(1118, 'DESACATO SEÑAL DE TRÁNSITO DEL PEATÓN', 97),
	(1119, 'NO IDENTIFICA LA CAUSA', 97),
	(1120, 'NO TIENE LA CERTEZA DE DETERMINAR LA CAUSA', 97),
	(1121, 'OTROS', 97),
	(1122, 'IMPRUDENCIA DEL CONDUCTOR', 98),
	(1123, 'EXCESO DE VELOCIDAD', 98),
	(1124, 'EBRIEDAD DEL CONDUCTOR', 98),
	(1125, 'IMPRUDENCIA DEL PEATÓN', 98),
	(1126, 'INVASIÓN DE CARRIL', 98),
	(1127, 'VÍA EN MAL ESTADO', 98),
	(1128, 'FALLA MECÁNICA', 98),
	(1129, 'FACTOR AMBIENTAL', 98),
	(1130, 'DESACATO SEÑAL DE TRÁNSITO POR PARTE DEL CONDUCTOR', 98),
	(1131, 'SEÑALIZACIÓN DEFECTUOSA', 98),
	(1132, 'FALTA DE LUCES', 98),
	(1133, 'ESTADO DE EBRIEDAD DEL PEATÓN', 98),
	(1134, 'DESACATO SEÑAL DE TRÁNSITO DEL PEATÓN', 98),
	(1135, 'NO IDENTIFICA LA CAUSA', 98),
	(1136, 'NO TIENE LA CERTEZA DE DETERMINAR LA CAUSA', 98),
	(1137, 'OTROS', 98),
	(1138, 'IMPRUDENCIA DEL CONDUCTOR', 99),
	(1139, 'EXCESO DE VELOCIDAD', 99),
	(1140, 'EBRIEDAD DEL CONDUCTOR', 99),
	(1141, 'IMPRUDENCIA DEL PEATÓN', 99),
	(1142, 'INVASIÓN DE CARRIL', 99),
	(1143, 'VÍA EN MAL ESTADO', 99),
	(1144, 'FALLA MECÁNICA', 99),
	(1145, 'FACTOR AMBIENTAL', 99),
	(1146, 'DESACATO SEÑAL DE TRÁNSITO POR PARTE DEL CONDUCTOR', 99),
	(1147, 'SEÑALIZACIÓN DEFECTUOSA', 99),
	(1148, 'FALTA DE LUCES', 99),
	(1149, 'ESTADO DE EBRIEDAD DEL PEATÓN', 99),
	(1150, 'DESACATO SEÑAL DE TRÁNSITO DEL PEATÓN', 99),
	(1151, 'NO IDENTIFICA LA CAUSA', 99),
	(1152, 'NO TIENE LA CERTEZA DE DETERMINAR LA CAUSA', 99),
	(1153, 'OTROS', 99),
	(1154, 'IMPRUDENCIA DEL CONDUCTOR', 100),
	(1155, 'EXCESO DE VELOCIDAD', 100),
	(1156, 'EBRIEDAD DEL CONDUCTOR', 100),
	(1157, 'IMPRUDENCIA DEL PEATÓN', 100),
	(1158, 'INVASIÓN DE CARRIL', 100),
	(1159, 'VÍA EN MAL ESTADO', 100),
	(1160, 'FALLA MECÁNICA', 100),
	(1161, 'FACTOR AMBIENTAL', 100),
	(1162, 'DESACATO SEÑAL DE TRÁNSITO POR PARTE DEL CONDUCTOR', 100),
	(1163, 'SEÑALIZACIÓN DEFECTUOSA', 100),
	(1164, 'FALTA DE LUCES', 100),
	(1165, 'ESTADO DE EBRIEDAD DEL PEATÓN', 100),
	(1166, 'DESACATO SEÑAL DE TRÁNSITO DEL PEATÓN', 100),
	(1167, 'NO IDENTIFICA LA CAUSA', 100),
	(1168, 'NO TIENE LA CERTEZA DE DETERMINAR LA CAUSA', 100),
	(1169, 'OTROS', 100),
	(1170, 'VEHÍCULO NO IDENTIFICADO OTROS (ESPECIFICAR)', 101),
	(1171, 'IMPRUDENCIA DEL CONDUCTOR', 102),
	(1172, 'EXCESO DE VELOCIDAD', 102),
	(1173, 'EBRIEDAD DEL CONDUCTOR', 102),
	(1174, 'IMPRUDENCIA DEL PEATÓN', 102),
	(1175, 'INVASIÓN DE CARRIL', 102),
	(1176, 'VÍA EN MAL ESTADO', 102),
	(1177, 'FALLA MECÁNICA', 102),
	(1178, 'FACTOR AMBIENTAL', 102),
	(1179, 'DESACATO SEÑAL DE TRÁNSITO POR PARTE DEL CONDUCTOR', 102),
	(1180, 'SEÑALIZACIÓN DEFECTUOSA', 102),
	(1181, 'FALTA DE LUCES', 102),
	(1182, 'ESTADO DE EBRIEDAD DEL PEATÓN', 102),
	(1183, 'DESACATO SEÑAL DE TRÁNSITO DEL PEATÓN', 102),
	(1184, 'NO IDENTIFICA LA CAUSA', 102),
	(1185, 'NO TIENE LA CERTEZA DE DETERMINAR LA CAUSA', 102),
	(1186, 'OTROS', 102),
	(1187, 'IMPRUDENCIA DEL CONDUCTOR', 103),
	(1188, 'EXCESO DE VELOCIDAD', 103),
	(1189, 'EBRIEDAD DEL CONDUCTOR', 103),
	(1190, 'IMPRUDENCIA DEL PEATÓN', 103),
	(1191, 'INVASIÓN DE CARRIL', 103),
	(1192, 'VÍA EN MAL ESTADO', 103),
	(1193, 'FALLA MECÁNICA', 103),
	(1194, 'FACTOR AMBIENTAL', 103),
	(1195, 'DESACATO SEÑAL DE TRÁNSITO POR PARTE DEL CONDUCTOR', 103),
	(1196, 'SEÑALIZACIÓN DEFECTUOSA', 103),
	(1197, 'FALTA DE LUCES', 103),
	(1198, 'ESTADO DE EBRIEDAD DEL PEATÓN', 103),
	(1199, 'DESACATO SEÑAL DE TRÁNSITO DEL PEATÓN', 103),
	(1200, 'NO IDENTIFICA LA CAUSA', 103),
	(1201, 'NO TIENE LA CERTEZA DE DETERMINAR LA CAUSA', 103),
	(1202, 'OTROS', 103),
	(1203, 'IMPRUDENCIA DEL CONDUCTOR', 104),
	(1204, 'EXCESO DE VELOCIDAD', 104),
	(1205, 'EBRIEDAD DEL CONDUCTOR', 104),
	(1206, 'IMPRUDENCIA DEL PEATÓN', 104),
	(1207, 'INVASIÓN DE CARRIL', 104),
	(1208, 'VÍA EN MAL ESTADO', 104),
	(1209, 'FALLA MECÁNICA', 104),
	(1210, 'FACTOR AMBIENTAL', 104),
	(1211, 'DESACATO SEÑAL DE TRÁNSITO POR PARTE DEL CONDUCTOR', 104),
	(1212, 'SEÑALIZACIÓN DEFECTUOSA', 104),
	(1213, 'FALTA DE LUCES', 104),
	(1214, 'ESTADO DE EBRIEDAD DEL PEATÓN', 104),
	(1215, 'DESACATO SEÑAL DE TRÁNSITO DEL PEATÓN', 104),
	(1216, 'NO IDENTIFICA LA CAUSA', 104),
	(1217, 'NO TIENE LA CERTEZA DE DETERMINAR LA CAUSA', 104),
	(1218, 'OTROS', 104),
	(1219, 'IMPRUDENCIA DEL CONDUCTOR', 105),
	(1220, 'EXCESO DE VELOCIDAD', 105),
	(1221, 'EBRIEDAD DEL CONDUCTOR', 105),
	(1222, 'IMPRUDENCIA DEL PEATÓN', 105),
	(1223, 'INVASIÓN DE CARRIL', 105),
	(1224, 'VÍA EN MAL ESTADO', 105),
	(1225, 'FALLA MECÁNICA', 105),
	(1226, 'FACTOR AMBIENTAL', 105),
	(1227, 'DESACATO SEÑAL DE TRÁNSITO POR PARTE DEL CONDUCTOR', 105),
	(1228, 'SEÑALIZACIÓN DEFECTUOSA', 105),
	(1229, 'FALTA DE LUCES', 105),
	(1230, 'ESTADO DE EBRIEDAD DEL PEATÓN', 105),
	(1231, 'DESACATO SEÑAL DE TRÁNSITO DEL PEATÓN', 105),
	(1232, 'NO IDENTIFICA LA CAUSA', 105),
	(1233, 'NO TIENE LA CERTEZA DE DETERMINAR LA CAUSA', 105),
	(1234, 'OTROS', 105),
	(1235, 'IMPRUDENCIA DEL CONDUCTOR', 106),
	(1236, 'EXCESO DE VELOCIDAD', 106),
	(1237, 'EBRIEDAD DEL CONDUCTOR', 106),
	(1238, 'IMPRUDENCIA DEL PEATÓN', 106),
	(1239, 'INVASIÓN DE CARRIL', 106),
	(1240, 'VÍA EN MAL ESTADO', 106),
	(1241, 'FALLA MECÁNICA', 106),
	(1242, 'FACTOR AMBIENTAL', 106),
	(1243, 'DESACATO SEÑAL DE TRÁNSITO POR PARTE DEL CONDUCTOR', 106),
	(1244, 'SEÑALIZACIÓN DEFECTUOSA', 106),
	(1245, 'FALTA DE LUCES', 106),
	(1246, 'ESTADO DE EBRIEDAD DEL PEATÓN', 106),
	(1247, 'DESACATO SEÑAL DE TRÁNSITO DEL PEATÓN', 106),
	(1248, 'NO IDENTIFICA LA CAUSA', 106),
	(1249, 'NO TIENE LA CERTEZA DE DETERMINAR LA CAUSA', 106),
	(1250, 'OTROS', 106),
	(1251, 'IMPRUDENCIA DEL CONDUCTOR', 107),
	(1252, 'EXCESO DE VELOCIDAD', 107),
	(1253, 'EBRIEDAD DEL CONDUCTOR', 107),
	(1254, 'IMPRUDENCIA DEL PEATÓN', 107),
	(1255, 'INVASIÓN DE CARRIL', 107),
	(1256, 'VÍA EN MAL ESTADO', 107),
	(1257, 'FALLA MECÁNICA', 107),
	(1258, 'FACTOR AMBIENTAL', 107),
	(1259, 'DESACATO SEÑAL DE TRÁNSITO POR PARTE DEL CONDUCTOR', 107),
	(1260, 'SEÑALIZACIÓN DEFECTUOSA', 107),
	(1261, 'FALTA DE LUCES', 107),
	(1262, 'ESTADO DE EBRIEDAD DEL PEATÓN', 107),
	(1263, 'DESACATO SEÑAL DE TRÁNSITO DEL PEATÓN', 107),
	(1264, 'NO IDENTIFICA LA CAUSA', 107),
	(1265, 'NO TIENE LA CERTEZA DE DETERMINAR LA CAUSA', 107),
	(1266, 'OTROS', 107),
	(1267, 'IMPRUDENCIA DEL CONDUCTOR', 108),
	(1268, 'EXCESO DE VELOCIDAD', 108),
	(1269, 'EBRIEDAD DEL CONDUCTOR', 108),
	(1270, 'IMPRUDENCIA DEL PEATÓN', 108),
	(1271, 'INVASIÓN DE CARRIL', 108),
	(1272, 'VÍA EN MAL ESTADO', 108),
	(1273, 'FALLA MECÁNICA', 108),
	(1274, 'FACTOR AMBIENTAL', 108),
	(1275, 'DESACATO SEÑAL DE TRÁNSITO POR PARTE DEL CONDUCTOR', 108),
	(1276, 'SEÑALIZACIÓN DEFECTUOSA', 108),
	(1277, 'FALTA DE LUCES', 108),
	(1278, 'ESTADO DE EBRIEDAD DEL PEATÓN', 108),
	(1279, 'DESACATO SEÑAL DE TRÁNSITO DEL PEATÓN', 108),
	(1280, 'NO IDENTIFICA LA CAUSA', 108),
	(1281, 'NO TIENE LA CERTEZA DE DETERMINAR LA CAUSA', 108),
	(1282, 'OTROS', 108),
	(1283, 'IMPRUDENCIA DEL CONDUCTOR', 109),
	(1284, 'EXCESO DE VELOCIDAD', 109),
	(1285, 'EBRIEDAD DEL CONDUCTOR', 109),
	(1286, 'IMPRUDENCIA DEL PEATÓN', 109),
	(1287, 'INVASIÓN DE CARRIL', 109),
	(1288, 'VÍA EN MAL ESTADO', 109),
	(1289, 'FALLA MECÁNICA', 109),
	(1290, 'FACTOR AMBIENTAL', 109),
	(1291, 'DESACATO SEÑAL DE TRÁNSITO POR PARTE DEL CONDUCTOR', 109),
	(1292, 'SEÑALIZACIÓN DEFECTUOSA', 109),
	(1293, 'FALTA DE LUCES', 109),
	(1294, 'ESTADO DE EBRIEDAD DEL PEATÓN', 109),
	(1295, 'DESACATO SEÑAL DE TRÁNSITO DEL PEATÓN', 109),
	(1296, 'NO IDENTIFICA LA CAUSA', 109),
	(1297, 'NO TIENE LA CERTEZA DE DETERMINAR LA CAUSA', 109),
	(1298, 'OTROS', 109),
	(1299, 'IMPRUDENCIA DEL CONDUCTOR', 110),
	(1300, 'EXCESO DE VELOCIDAD', 110),
	(1301, 'EBRIEDAD DEL CONDUCTOR', 110),
	(1302, 'IMPRUDENCIA DEL PEATÓN', 110),
	(1303, 'INVASIÓN DE CARRIL', 110),
	(1304, 'VÍA EN MAL ESTADO', 110),
	(1305, 'FALLA MECÁNICA', 110),
	(1306, 'FACTOR AMBIENTAL', 110),
	(1307, 'DESACATO SEÑAL DE TRÁNSITO POR PARTE DEL CONDUCTOR', 110),
	(1308, 'SEÑALIZACIÓN DEFECTUOSA', 110),
	(1309, 'FALTA DE LUCES', 110),
	(1310, 'ESTADO DE EBRIEDAD DEL PEATÓN', 110),
	(1311, 'DESACATO SEÑAL DE TRÁNSITO DEL PEATÓN', 110),
	(1312, 'NO IDENTIFICA LA CAUSA', 110),
	(1313, 'NO TIENE LA CERTEZA DE DETERMINAR LA CAUSA', 110),
	(1314, 'OTROS', 110),
	(1315, 'IMPRUDENCIA DEL CONDUCTOR', 111),
	(1316, 'EXCESO DE VELOCIDAD', 111),
	(1317, 'EBRIEDAD DEL CONDUCTOR', 111),
	(1318, 'IMPRUDENCIA DEL PEATÓN', 111),
	(1319, 'INVASIÓN DE CARRIL', 111),
	(1320, 'VÍA EN MAL ESTADO', 111),
	(1321, 'FALLA MECÁNICA', 111),
	(1322, 'FACTOR AMBIENTAL', 111),
	(1323, 'DESACATO SEÑAL DE TRÁNSITO POR PARTE DEL CONDUCTOR', 111),
	(1324, 'SEÑALIZACIÓN DEFECTUOSA', 111),
	(1325, 'FALTA DE LUCES', 111),
	(1326, 'ESTADO DE EBRIEDAD DEL PEATÓN', 111),
	(1327, 'DESACATO SEÑAL DE TRÁNSITO DEL PEATÓN', 111),
	(1328, 'NO IDENTIFICA LA CAUSA', 111),
	(1329, 'NO TIENE LA CERTEZA DE DETERMINAR LA CAUSA', 111),
	(1330, 'OTROS', 111),
	(1331, 'VEHÍCULO NO IDENTIFICADO OTROS (ESPECIFICAR)', 112),
	(1332, 'NO SE ACTIVA', 113),
	(1333, 'FALLANDO', 114),
	(1334, 'APAGADO', 114),
	(1335, 'CON DAÑOS FÍSICOS', 115),
	(1336, 'GOLPES', 115),
	(1337, 'AMENAZAS', 115),
	(1338, 'OTROS', 115),
	(1339, 'SOLO OBJETOS PERSONALES', 115),
	(1340, 'AMENAZAS', 116),
	(1341, 'AMEDRENTAMIENTO', 116),
	(1342, 'INSULTOS', 116),
	(1343, 'INSINUACIONES', 116),
	(1344, 'AMENAZAS', 117),
	(1345, 'AMEDRENTAMIENTO', 117),
	(1346, 'INSULTOS', 117),
	(1347, 'INSINUACIONES', 117),
	(1348, 'EN EL BUS', 117),
	(1349, 'EN LA ESTACIÓN', 117),
	(1350, 'OTROS', 117),
	(1351, 'AMENAZAS', 118),
	(1352, 'DAÑOS FÍSICOS', 118),
	(1353, 'DISPAROS AL AIRE', 118),
	(1354, 'DISPARO Y MUERTE', 118),
	(1355, 'OTROS', 118),
	(1356, 'CON DAÑOS FÍSICO A PASAJEROS', 119),
	(1357, 'DAÑOS MATERIALES', 119),
	(1358, 'DAÑOS MATERIALES/PERSONALES', 119),
	(1359, 'CON DAÑOS FÍSICO A CONDUCTOR', 119),
	(1360, 'GOLPES', 119),
	(1361, 'AMENAZAS', 119),
	(1362, 'AMENAZAS', 120),
	(1363, 'BLOQUEO DE VÍA', 120),
	(1364, 'VANDALISMO', 120),
	(1365, 'AGRESIONES FÍSICAS/VERBALES', 120),
	(1366, 'GOLPES', 120),
	(1367, 'CON DAÑOS FÍSICOS', 120),
	(1368, 'AMENAZAS', 121),
	(1369, 'GOLPES', 121),
	(1370, 'CON DAÑOS FÍSICOS', 121),
	(1371, 'CAPTURA', 121),
	(1372, 'AMENAZAS', 122),
	(1373, 'GOLPES', 122),
	(1374, 'AMENAZAS', 123),
	(1375, 'PREPOTENCIA', 123),
	(1376, 'OTROS', 124),
	(1377, 'CON DAÑOS FÍSICOS', 125),
	(1378, 'AMENAZAS', 125),
	(1379, 'GOLPES', 125),
	(1380, 'CON DAÑOS FÍSICOS', 126),
	(1381, 'AMENAZAS', 126),
	(1382, 'GOLPES', 126),
	(1383, 'CON DAÑOS FÍSICOS', 127),
	(1384, 'AMENAZAS', 127),
	(1385, 'GOLPES', 127),
	(1386, 'CON DAÑOS FÍSICOS', 127),
	(1387, 'AMENAZAS', 127),
	(1388, 'GOLPES', 127),
	(1389, 'CON DAÑOS FÍSICOS', 128),
	(1390, 'AMENAZAS', 128),
	(1391, 'GOLPES', 128),
	(1392, 'CON DAÑOS FÍSICOS', 129),
	(1393, 'AMENAZAS', 129),
	(1394, 'GOLPES', 129),
	(1395, 'CON DAÑOS FÍSICOS', 130),
	(1396, 'AMENAZAS', 130),
	(1397, 'GOLPES', 130),
	(1398, 'DAÑOS LEVES', 131),
	(1399, 'DAÑOS GRAVES', 131),
	(1400, 'DAÑOS LEVES', 132),
	(1401, 'DAÑOS GRAVES', 132),
	(1402, 'DAÑOS LEVES', 133),
	(1403, 'DAÑOS GRAVES', 133),
	(1404, 'DAÑOS LEVES', 134),
	(1405, 'DAÑOS GRAVES', 134),
	(1406, 'DAÑOS LEVES', 135),
	(1407, 'DAÑOS GRAVES', 135),
	(1408, 'DAÑOS LEVES', 136),
	(1409, 'DAÑOS GRAVES', 136),
	(1410, 'DAÑOS LEVES', 137),
	(1411, 'DAÑOS GRAVES', 137),
	(1412, 'BLOQUEO DE VÍA', 138),
	(1413, 'VEHÍCULOS INVADEN AL COSAC', 138),
	(1414, 'BUSES REALIZAN VIAJE CON MARCHA VISTA', 138),
	(1415, 'BLOQUEO DE VÍA', 139),
	(1416, 'BUSES SALEN A VÍA MIXTA', 139),
	(1417, 'DEMORA DE BUSES', 140),
	(1418, 'COLA DE BUSES', 140),
	(1419, 'INTENTO DE ROBO', 141),
	(1420, 'CON ARMAS DE FUEGO', 141),
	(1421, 'SOLO HERIDOS', 142),
	(1422, 'ATROPELLO Y MUERTE', 142),
	(1423, 'SOLO HERIDOS', 143),
	(1424, 'ATROPELLO Y MUERTE', 143),
	(1425, 'DAÑOS MATERIALES', 144),
	(1426, 'DAÑOS MATERIALES Y MUERTE', 144),
	(1427, 'ORATE', 145),
	(1428, 'AMBULANTES', 145),
	(1429, 'EFECTIVOS POLICIALES', 145),
	(1430, 'NO SE ACTIVA', 146),
	(1431, 'FALLANDO', 147),
	(1432, 'APAGADO', 147),
	(1433, 'ATORO DE BILLETE', 148),
	(1434, 'ATORO DE MNEDA', 148),
	(1435, 'NO REALIZA RECARGA', 148),
	(1436, 'INOPERATIVO', 148),
	(1437, 'MAL DE SALUD', 149),
	(1438, 'NO SE ENCUENTRA EN SU PUESTO', 149),
	(1439, 'NO HABRÉ LAS PUERTAS DE LA ESTACIÓN', 149),
	(1440, 'NO CIERRA LAS PUERTAS DE LA ESTACIÓN', 149),
	(1441, 'LIMPIEZA', 150),
	(1442, 'ILUMINACIÓN', 150),
	(1443, 'FILTRACIÓN DE AGUA', 150),
	(1444, 'TECHO CON DAÑOS', 150),
	(1445, 'CORTOCIRCUITO', 150),
	(1446, 'HOJA DE MAMPARA ROTA/INCLINADA/INOPERATIVA/CENSOR', 150),
	(1447, 'ASCENSOR AVERIADO', 150),
	(1448, 'SIN LUCES DE EMERGENCIA', 151),
	(1449, 'SIN GENERADOR DE ENERGÍA', 151),
	(1450, 'MANIFESTACIONES', 152),
	(1451, 'EVENTO RELIGIOSO', 152),
	(1452, 'VANDALISMO', 152),
	(1453, 'EVENTOS NO DESCRITOS', 152),
	(1454, 'OTROS', 153),
	(1455, 'CAÍDA EN EL EMBARQUE', 154),
	(1456, 'CAÍDA EN LA ESCALERA', 154),
	(1457, 'CAÍDA AL INGRESO DE LA ESTACIÓN', 154),
	(1458, 'CAÍDAS AL SUBIR /BAJAR DEL ASCENSOR', 154),
	(1459, 'GOLPE CON INFRAESTRUCTURA', 154),
	(1460, 'USUARIO ATRAPADO EN ASCENSOR AVERIADO', 154),
	(1461, 'GOLPES / CORTES DENTRO DEL BUS', 154),
	(1462, 'DESCOMPENSACIÓN', 155),
	(1463, 'DESMAYO', 155),
	(1464, 'EPILEPSIA', 155),
	(1465, 'ENFERMEDADES PREEXISTENTES', 155),
	(1466, 'EMBARAZO', 155),
	(1467, 'OTROS', 155),
	(1468, 'EVENTO FUTBOLÍSTICO', 156),
	(1469, 'EVENTO RELIGIOSO', 156),
	(1470, 'CONCIERTOS', 156),
	(1471, 'OTROS EVENTOS', 156),
	(1472, 'QUIERE INGRESAR CON CANET AZUL', 157),
	(1473, 'ACCIDENTE DE USUARIO CONADIS ', 157),
	(1474, 'CAÍDA DE USUARIO CONADIS', 157),
	(1475, 'PERSONA CONADIS NO TIENE TARJETA AMARILLA', 157),
	(1476, 'ADULTO MAYO', 158),
	(1477, 'NIÑO (A)', 158),
	(1478, 'PERSONA ESPECIAL', 158),
	(1479, 'ADULTO', 158),
	(1480, 'POR FALTA DE ATENCIÓN', 159),
	(1481, 'MALTRATO AL USUARIO', 159),
	(1482, 'NEGLIGENCIA DEL PERSONAL', 159),
	(1483, 'SE OLVIDÓ AL BAJAR DEL BUS', 160),
	(1484, 'SE OLVIDÓ EN LA ESTACIÓN', 160),
	(1485, 'SE OLVIDÓ EN LA ESCALERA', 160),
	(1486, 'SIN DETALLE', 161),
	(1487, 'OTROS', 162),
	(1488, 'OTROS', 163),
	(1489, 'OTROS', 164),
	(1490, 'OTROS', 165),
	(1491, 'SERENAZGO', 166),
	(1492, 'PATRULLERO', 166),
	(1493, 'BOMBERO', 166),
	(1494, 'AMBULANCIA', 166),
	(1495, 'VEHÍCULOS OFICIALES', 166),
	(1496, 'CARRO TALLER', 166),
	(1497, 'AUTOMÓVIL', 166),
	(1498, 'CAMIONETA PICK UP', 166),
	(1499, 'CAMIONETA RURAL', 166),
	(1500, 'STATION WAGON', 166),
	(1501, 'CAMIÓN', 166),
	(1502, 'ÓMNIBUS', 166),
	(1503, 'CAMIONETA PANEL', 166),
	(1504, 'REMOLCADOR', 166),
	(1505, 'CAMIONETA DE SEGURIDAD', 166),
	(1506, 'MOTO LINEAL', 166),
	(1507, 'MOTOCAR', 166),
	(1508, 'BICICLETA', 166),
	(1509, 'FURGONETA', 166),
	(1510, 'TRICICLO', 166),
	(1511, 'SCOOTER', 166),
	(1512, 'MOTO POLICIAL', 166),
	(1513, 'VEHÍCULO NO IDENTIFICADO OTROS (ESPECIFICAR)', 166),
	(1514, 'SERENAZGO', 167),
	(1515, 'PATRULLERO', 167),
	(1516, 'BOMBERO', 167),
	(1517, 'AMBULANCIA', 167),
	(1518, 'VEHÍCULOS OFICIALES', 167),
	(1519, 'CARRO TALLER', 167),
	(1520, 'AUTOMÓVIL', 167),
	(1521, 'CAMIONETA PICK UP', 167),
	(1522, 'CAMIONETA RURAL', 167),
	(1523, 'STATION WAGON', 167),
	(1524, 'CAMIÓN', 167),
	(1525, 'ÓMNIBUS', 167),
	(1526, 'CAMIONETA PANEL', 167),
	(1527, 'REMOLCADOR', 167),
	(1528, 'CAMIONETA DE SEGURIDAD', 167),
	(1529, 'MOTO LINEAL', 167),
	(1530, 'MOTOCAR', 167),
	(1531, 'BICICLETA', 167),
	(1532, 'FURGONETA', 167),
	(1533, 'TRICICLO', 167),
	(1534, 'SCOOTER', 167),
	(1535, 'MOTO POLICIAL', 167),
	(1536, 'VEHÍCULO NO IDENTIFICADO OTROS (ESPECIFICAR)', 167),
	(1537, 'SERENAZGO', 168),
	(1538, 'PATRULLERO', 168),
	(1539, 'BOMBERO', 168),
	(1540, 'AMBULANCIA', 168),
	(1541, 'VEHÍCULOS OFICIALES', 168),
	(1542, 'CARRO TALLER', 168),
	(1543, 'AUTOMÓVIL', 168),
	(1544, 'CAMIONETA PICK UP', 168),
	(1545, 'CAMIONETA RURAL', 168),
	(1546, 'STATION WAGON', 168),
	(1547, 'CAMIÓN', 168),
	(1548, 'ÓMNIBUS', 168),
	(1549, 'CAMIONETA PANEL', 168),
	(1550, 'REMOLCADOR', 168),
	(1551, 'CAMIONETA DE SEGURIDAD', 168),
	(1552, 'MOTO LINEAL', 168),
	(1553, 'MOTOCAR', 168),
	(1554, 'BICICLETA', 168),
	(1555, 'FURGONETA', 168),
	(1556, 'TRICICLO', 168),
	(1557, 'SCOOTER', 168),
	(1558, 'MOTO POLICIAL', 168),
	(1559, 'VEHÍCULO NO IDENTIFICADO OTROS (ESPECIFICAR)', 168),
	(1560, 'SERENAZGO', 169),
	(1561, 'PATRULLERO', 169),
	(1562, 'BOMBERO', 169),
	(1563, 'AMBULANCIA', 169),
	(1564, 'VEHÍCULOS OFICIALES', 169),
	(1565, 'CARRO TALLER', 169),
	(1566, 'AUTOMÓVIL', 169),
	(1567, 'CAMIONETA PICK UP', 169),
	(1568, 'CAMIONETA RURAL', 169),
	(1569, 'STATION WAGON', 169),
	(1570, 'CAMIÓN', 169),
	(1571, 'ÓMNIBUS', 169),
	(1572, 'CAMIONETA PANEL', 169),
	(1573, 'REMOLCADOR', 169),
	(1574, 'CAMIONETA DE SEGURIDAD', 169),
	(1575, 'MOTO LINEAL', 169),
	(1576, 'MOTOCAR', 169),
	(1577, 'BICICLETA', 169),
	(1578, 'FURGONETA', 169),
	(1579, 'TRICICLO', 169),
	(1580, 'SCOOTER', 169),
	(1581, 'MOTO POLICIAL', 169),
	(1582, 'VEHÍCULO NO IDENTIFICADO OTROS (ESPECIFICAR)', 169),
	(1583, 'SERENAZGO', 170),
	(1584, 'PATRULLERO', 170),
	(1585, 'BOMBERO', 170),
	(1586, 'AMBULANCIA', 170),
	(1587, 'VEHÍCULOS OFICIALES', 170),
	(1588, 'CARRO TALLER', 170),
	(1589, 'AUTOMÓVIL', 170),
	(1590, 'CAMIONETA PICK UP', 170),
	(1591, 'CAMIONETA RURAL', 170),
	(1592, 'STATION WAGON', 170),
	(1593, 'CAMIÓN', 170),
	(1594, 'ÓMNIBUS', 170),
	(1595, 'CAMIONETA PANEL', 170),
	(1596, 'REMOLCADOR', 170),
	(1597, 'CAMIONETA DE SEGURIDAD', 170),
	(1598, 'MOTO LINEAL', 170),
	(1599, 'MOTOCAR', 170),
	(1600, 'BICICLETA', 170),
	(1601, 'FURGONETA', 170),
	(1602, 'TRICICLO', 170),
	(1603, 'SCOOTER', 170),
	(1604, 'MOTO POLICIAL', 170),
	(1605, 'VEHÍCULO NO IDENTIFICADO OTROS (ESPECIFICAR)', 170),
	(1606, 'SERENAZGO', 171),
	(1607, 'PATRULLERO', 171),
	(1608, 'BOMBERO', 171),
	(1609, 'AMBULANCIA', 171),
	(1610, 'VEHÍCULOS OFICIALES', 171),
	(1611, 'CARRO TALLER', 171),
	(1612, 'AUTOMÓVIL', 171),
	(1613, 'CAMIONETA PICK UP', 171),
	(1614, 'CAMIONETA RURAL', 171),
	(1615, 'STATION WAGON', 171),
	(1616, 'CAMIÓN', 171),
	(1617, 'ÓMNIBUS', 171),
	(1618, 'CAMIONETA PANEL', 171),
	(1619, 'REMOLCADOR', 171),
	(1620, 'CAMIONETA DE SEGURIDAD', 171),
	(1621, 'MOTO LINEAL', 171),
	(1622, 'MOTOCAR', 171),
	(1623, 'BICICLETA', 171),
	(1624, 'FURGONETA', 171),
	(1625, 'TRICICLO', 171),
	(1626, 'SCOOTER', 171),
	(1627, 'MOTO POLICIAL', 171),
	(1628, 'VEHÍCULO NO IDENTIFICADO OTROS (ESPECIFICAR)', 171),
	(1629, 'OTROS CASOS', 172);

-- Volcando estructura para tabla centro-control.consorcio
CREATE TABLE IF NOT EXISTS `consorcio` (
  `idconsorcio` int NOT NULL AUTO_INCREMENT,
  `nombre_consorcio` varchar(50) DEFAULT NULL,
  `abreviatura_consorcio` varchar(50) CHARACTER SET utf8mb4 COLLATE utf8mb4_0900_ai_ci DEFAULT NULL,
  PRIMARY KEY (`idconsorcio`)
) ENGINE=InnoDB DEFAULT CHARSET=utf8mb4 COLLATE=utf8mb4_0900_ai_ci;

-- Volcando datos para la tabla centro-control.consorcio: ~4 rows (aproximadamente)
INSERT INTO `consorcio` (`idconsorcio`, `nombre_consorcio`, `abreviatura_consorcio`) VALUES
	(1, 'LIMA VIAS EXPRES', 'LVE'),
	(2, 'LIMA BUS INTERNACIONAL', 'LBI'),
	(3, 'TRANSVIAL SAC', 'TRV'),
	(4, 'PERU MASIVO', 'PM');

-- Volcando estructura para tabla centro-control.incidencia
CREATE TABLE IF NOT EXISTS `incidencia` (
  `idincidencia` int unsigned NOT NULL AUTO_INCREMENT,
  `fecha` date DEFAULT NULL,
  `hora_inicio` time DEFAULT NULL,
  `hora_fin` time DEFAULT NULL,
  `lugar` varchar(500) DEFAULT NULL,
  `categoria` int DEFAULT NULL,
  `subcategoria` int DEFAULT NULL,
  `causa` int DEFAULT NULL,
  `consecuencia` int DEFAULT NULL,
  `descripcion` varchar(500) CHARACTER SET utf8mb4 COLLATE utf8mb4_0900_ai_ci DEFAULT NULL,
  `consorcio` int DEFAULT NULL,
  `tipo_servicio` int DEFAULT NULL,
  `ruta` int DEFAULT NULL,
  `servicio` int DEFAULT NULL,
  `sentido` int DEFAULT NULL,
  `bus` int DEFAULT NULL,
  `conductor` int DEFAULT NULL,
  `tipo_kilometraje` varchar(50) DEFAULT NULL,
  `kilometraje` decimal(20,1) DEFAULT NULL,
  `carreras` decimal(20,1) DEFAULT NULL,
  `auditoria` int DEFAULT NULL,
  PRIMARY KEY (`idincidencia`)
) ENGINE=InnoDB AUTO_INCREMENT=91 DEFAULT CHARSET=utf8mb4 COLLATE=utf8mb4_0900_ai_ci;

-- Volcando datos para la tabla centro-control.incidencia: ~74 rows (aproximadamente)
INSERT INTO `incidencia` (`idincidencia`, `fecha`, `hora_inicio`, `hora_fin`, `lugar`, `categoria`, `subcategoria`, `causa`, `consecuencia`, `descripcion`, `consorcio`, `tipo_servicio`, `ruta`, `servicio`, `sentido`, `bus`, `conductor`, `tipo_kilometraje`, `kilometraje`, `carreras`, `auditoria`) VALUES
	(9, '2023-07-20', '03:04:00', '05:04:00', 'tomas valle', 1, 1, 6, 54, 'lucas es un grato', 2, 1, 154, 2, 5, 11005, 31670585, '2', 565.0, 4.0, NULL),
	(11, '2023-07-18', '03:04:00', '06:05:00', 'LUIS ROCA DEL RIO', 1, 1, 3, 16, 'FRENO', 2, 2, 51, 3, 3, 22019, 370727, '3', 34.0, 1.0, NULL),
	(12, '2023-07-21', '04:05:00', '07:02:00', 'este lugar', 1, 1, 5, 34, 'yes', 1, 1, 62, 4, 1, 11003, 9991535, '1', 6778.0, 3.0, NULL),
	(13, '2023-07-21', '04:05:00', '07:02:00', 'este lugar', 1, 1, 5, 34, 'yes', 1, 1, 62, 6, 1, 11003, 9991535, '1', 6778.0, 2.0, NULL),
	(14, '2023-07-21', '04:05:00', '04:03:00', 'lugar', 1, 1, 5, 30, 'descdesda', 2, 2, 49, 5, 3, 11002, 9552589, '5', 5.0, 2.0, NULL),
	(15, '2023-07-13', '03:43:00', '04:54:00', 'santa rosa4', 1, 1, 1, 1, '4543523', 1, 1, 71, 1, 1, 11042, 47844458, '2', 55.0, 3.0, NULL),
	(16, '2023-07-13', '03:45:00', '23:54:00', 'dfgdgfgf', 1, 1, 1, 1, 'fgdrterterert', 1, 1, 72, 1, 1, 11001, 6877747, '1', 66.0, 1.0, NULL),
	(17, '2023-07-28', '03:43:00', '23:45:00', 'fgdgd', 1, 1, 1, 1, 'fsdf', 1, 1, 73, 5, 1, 11002, 9991535, '3', 4.0, 3.0, NULL),
	(18, '2023-07-28', '03:04:00', '03:45:00', 'ersedfsdf', 1, 1, 1, 1, 'rtert', 1, 1, 73, 1, 1, 11001, 9552589, '2', 4.0, 5.0, NULL),
	(19, '2023-07-20', '04:05:00', '04:05:00', 'tdfgse', 1, 1, 1, 1, 'werwerqwerq', 1, 1, 75, 6, 1, 11001, 9991535, '2', 6.0, 6.0, NULL),
	(20, '2023-07-20', '04:05:00', '04:05:00', 'tdfgse', 1, 1, 1, 1, 'werwerqwerq', 1, 1, 75, 6, 1, 11001, 9991535, '2', 6.0, 6.0, NULL),
	(21, '2023-07-21', '23:04:00', '03:42:00', 'wdsda', 1, 1, 5, 44, 'eqwqw', 1, 1, 75, 4, 5, 11003, 9552589, '1', 6.0, 6.0, NULL),
	(22, '2023-07-11', '11:01:00', '11:11:00', '3', 1, 1, 1, 1, 'erreddddddddddddddddddddddddddddd', 1, 1, 91, 3, 5, 11002, 9991535, '3', 34.0, 4.0, NULL),
	(23, '2023-07-19', '03:03:00', '03:33:00', 'fdfd', 1, 1, 1, 1, 'rerwereeeee', 1, 1, 73, 4, 5, 11003, 9552589, '3', 44.0, 4.0, NULL),
	(24, '2023-07-21', '22:02:00', '22:02:00', 'fd', 1, 1, 5, 44, 'erefe', 1, 2, 52, 1, 1, 11002, 9552589, '1', 3.0, 3.0, NULL),
	(25, '2023-07-21', '22:02:00', '22:02:00', 'fd', 1, 1, 5, 44, 'erefe', 1, 2, 52, 1, 1, 11002, 9552589, '1', 3.0, 3.0, NULL),
	(26, '2023-07-13', '05:05:00', '05:05:00', 'hgh', 1, 1, 1, 5, 'ffrrs', 1, 1, 74, 3, 4, 11003, 6877747, '2', 4.0, 1.0, NULL),
	(27, '2023-07-28', '22:54:00', '02:53:00', 'RINCON DE PIEDRAS', 1, 1, 6, 52, 'sdasdas', 1, 1, 79, 4, 5, 11010, 10509369, '2', 5.0, 5.0, NULL),
	(28, '2023-07-21', '06:06:00', '06:59:00', 'LUIS ROCA DEL RIO', 1, 1, 1, 1, 'yyy', 1, 1, 79, 6, 7, 11030, 6877747, '1', 6.0, 7.0, NULL),
	(29, '2023-07-30', '03:33:00', '03:33:00', '33333', 1, 1, 3, 18, '333333333333333333333333', 1, 1, 80, 3, 2, 11024, 10528258, '6', 2.0, 2.0, NULL),
	(30, '2023-07-30', '03:33:00', '03:33:00', '33333', 1, 1, 3, 18, '333333333333333333333333', 1, 1, 80, 3, 2, 11024, 10528258, '6', 2.0, 2.0, NULL),
	(31, '2023-07-18', '18:09:00', '18:09:00', '1817677777776', 1, 1, 7, 56, 'ghgf', 2, 1, 135, 2, 7, 11003, 9552589, '5', 3.0, 3.0, NULL),
	(32, '2023-07-18', '18:09:00', '18:09:00', '1817677777776', 1, 1, 7, 56, 'ghgf', 2, 1, 135, 2, 7, 11003, 9552589, '5', 3.0, 3.0, NULL),
	(33, '2023-07-12', '04:05:00', '09:08:00', 'esteer', 1, 1, 1, 6, 'ultimo', 1, 2, 54, 4, 5, 11003, 9552589, '1', 4.0, 4.0, NULL),
	(34, '2023-07-12', '04:05:00', '09:08:00', 'esteer', 1, 1, 1, 6, 'ultimo', 1, 2, 54, 4, 5, 11003, 9552589, '1', 4.0, 4.0, NULL),
	(35, '2023-07-08', '04:04:00', '04:45:00', 'lugar del otro - ultimo registro de los ultimisisiisisismos', 1, 1, 1, 1, 'tytfrde', 1, 1, 92, 9, 6, 11021, 7763834, '2', 4.0, 3.0, NULL),
	(36, '2023-07-08', '04:04:00', '04:45:00', 'lugar del otro - ultimo registro de los ultimisisiisisismos', 1, 1, 1, 1, 'tytfrde', 1, 1, 92, 9, 6, 11021, 7763834, '2', 4.0, 3.0, NULL),
	(37, '2023-07-08', '04:04:00', '04:45:00', 'lugar del otro - ultimo registro de los ultimisisiisisismos', 1, 1, 1, 1, 'tytfrde', 1, 1, 92, 9, 6, 11021, 7763834, '2', 4.0, 3.0, NULL),
	(38, '2023-07-16', '04:05:00', '12:03:00', 'esesess', 1, 1, 1, 6, 'descripcio de hoy', 1, 1, 90, 6, 6, 11001, 6877747, '1', 3.0, 5.0, NULL),
	(39, '2023-07-16', '23:26:00', '17:23:00', 'PEDRO MIOTA', 1, 1, 1, 5, 'ESTA ES UNA DESCRIPCION', 1, 1, 92, 3, 5, 11030, 10817913, '3', 4.0, 5.0, NULL),
	(40, '2023-07-13', '20:43:00', '22:43:00', 'NARANJAL CRUZE CON GIRASOLES', 1, 1, 6, 47, 'HELEIO', 1, 1, 82, 3, 6, 11021, 10187811, '4', 3.0, 1.0, NULL),
	(46, '2023-07-16', '23:04:00', '12:02:00', 'plaza de flores', 1, 1, 2, 9, 'wqwew', 1, 1, 73, 3, 7, 11002, 9991535, '1', 3.0, 1.0, NULL),
	(47, '2023-07-13', '20:43:00', '22:43:00', 'NARANJAL CRUZE CON GIRASOLES', 1, 1, 6, 47, 'HELEIO', 1, 1, 82, 3, 6, 11021, 10187811, '4', 3.0, 1.0, NULL),
	(48, '2023-07-16', '04:05:00', '03:44:00', 'eres', 1, 1, 5, 43, 'este', 1, 1, 74, 2, 7, 11001, 9552589, '5', 6.0, 1.0, NULL),
	(49, '2023-07-16', '05:06:00', '04:05:00', 'DFDGFFF', 1, 1, 1, 5, 'eresd', 1, 1, 62, 2, 6, 22107, 9552589, '1', 3.0, 1.0, NULL),
	(50, '2023-07-16', '04:05:00', '03:45:00', 'choza nautica', 1, 1, 4, 24, '45rr', 1, 2, 53, 4, 5, 11005, 9552589, '1', 4.0, 1.0, NULL),
	(52, '2023-07-13', '20:43:00', '22:43:00', 'NARANJAL CRUZE CON GIRASOLES', 1, 1, 6, 47, 'HELEIO', 1, 1, 82, 3, 6, 11021, 10187811, '4', 3.0, 1.0, NULL),
	(53, '2023-07-16', '03:04:00', '06:07:00', 'choza nautica', 1, 1, 2, 8, 'tret', 1, 1, 74, 6, 2, 22107, 9552589, '1', 6.0, 7.0, NULL),
	(54, '2023-07-16', '03:03:00', '07:07:00', 'desffd', 1, 1, 1, 1, 'errrrrr', 1, 1, 74, 4, 1, 22107, 9552589, '1', 5.0, 5.0, NULL),
	(55, '2023-07-16', '03:03:00', '07:07:00', 'desffd', 1, 1, 1, 1, 'errrrrr', 1, 1, 74, 4, 1, 22107, 9552589, '1', 5.0, 5.0, NULL),
	(56, '2023-07-16', '03:03:00', '07:07:00', 'desffd', 1, 1, 1, 1, 'errrrrr', 1, 1, 74, 4, 1, 22107, 9552589, '1', 5.0, 5.0, NULL),
	(57, '2023-07-16', '03:03:00', '07:07:00', 'desffd', 1, 1, 1, 1, 'errrrrr', 1, 1, 74, 4, 1, 22107, 9552589, '1', 5.0, 5.0, NULL),
	(58, '2023-07-20', '07:07:00', '05:07:00', 'santa rosa', 1, 1, 1, 1, 'rer', 1, 1, 71, 2, 2, 22107, 9552589, '1', 2.0, 3.0, NULL),
	(59, '2023-07-20', '07:07:00', '05:07:00', 'santa rosa', 1, 1, 1, 1, 'rer', 1, 1, 71, 2, 2, 22107, 9552589, '1', 2.0, 3.0, NULL),
	(60, '2023-07-16', '03:04:00', '04:05:00', 'e', 1, 1, 1, 1, 'ultimoooooooooooooooooooooooooooooooooo', 1, 1, 73, 4, 1, 22107, 9552589, '1', 5.0, 1.0, NULL),
	(61, '2023-07-16', '03:04:00', '04:05:00', 'e', 1, 1, 1, 1, 'ultimoooooooooooooooooooooooooooooooooo', 1, 1, 73, 4, 1, 22107, 9552589, '1', 5.0, 1.0, NULL),
	(62, '2023-07-16', '03:04:00', '04:05:00', 'e', 1, 1, 1, 1, 'ultimoooooooooooooooooooooooooooooooooo', 1, 1, 73, 4, 1, 22107, 9552589, '1', 5.0, 1.0, NULL),
	(63, '2023-07-15', '04:44:00', '05:06:00', 'fcd', 1, 1, 1, 1, 'fdfsd', 1, 1, 73, 4, 1, 22107, 9552589, '1', 5.0, 1.0, NULL),
	(64, '2023-07-15', '03:43:00', '03:43:00', 'santa rosa', 1, 1, 1, 1, 'rrrrf', 1, 1, 74, 3, 1, 22107, 9552589, '3', 2.0, 1.0, NULL),
	(65, '2023-07-15', '03:43:00', '03:43:00', 'santa rosa', 1, 1, 1, 1, 'rrrrf', 1, 1, 74, 3, 1, 22107, 9552589, '3', 2.0, 1.0, NULL),
	(66, '2023-07-21', '05:07:00', '05:54:00', 'choza nautica', 1, 1, 1, 1, 'yrrty', 1, 1, 73, 5, 1, 22107, 9991535, '1', 2.0, 2.0, NULL),
	(67, '2023-07-11', '05:04:00', '07:07:00', 'fdsfs', 1, 1, 1, 1, 'fgds', 1, 1, 74, 4, 1, 22107, 9552589, '1', 5.0, 6.0, NULL),
	(68, '2023-07-11', '05:04:00', '07:07:00', 'fdsfs', 1, 1, 1, 1, 'fgds', 1, 1, 74, 4, 1, 22107, 9552589, '1', 5.0, 6.0, NULL),
	(69, '2023-07-21', '04:05:00', '05:05:00', 'jiron calloma', 1, 1, 1, 1, 'rtrtr', 1, 2, 54, 4, 1, 11003, 9552589, '1', 5.0, 7.0, NULL),
	(70, '2023-07-16', '05:34:00', '03:02:00', 'gdsfsdf', 1, 1, 1, 1, 'dfdf', 1, 1, 67, 4, 1, 22107, 9552589, '1', 5.0, 2.0, NULL),
	(71, '2023-07-16', '05:34:00', '03:02:00', 'gdsfsdf', 1, 1, 1, 1, 'dfdf', 1, 1, 67, 4, 1, 22107, 9552589, '1', 5.0, 2.0, NULL),
	(72, '2023-07-25', '09:00:00', '21:01:00', 'edsaaaaaaaaaaaaaa', 1, 1, 4, 29, 'ddf', 2, 2, 51, 1, 6, 11003, 9552589, '1', 1.0, 1.0, NULL),
	(73, '2023-07-17', '04:05:00', '06:07:00', 'la pascana', 1, 1, 1, 1, 'fgfh', 1, 1, 74, 3, 1, 22107, 9552589, '1', 1.0, 2.0, NULL),
	(74, '2023-07-14', '05:44:00', '05:06:00', 'choza nautica', 1, 1, 1, 1, 'ere', 1, 1, 73, 1, 1, 22107, 9552589, '1', 1.0, 1.0, NULL),
	(75, '2023-07-27', '04:45:00', '04:04:00', 'dfsdf', 1, 1, 1, 2, 'dfsdgdf', 1, 1, 73, 2, 2, 22107, 9991535, '2', 3.0, 3.0, NULL),
	(76, '2023-07-16', '04:04:00', '07:07:00', 'cszxda', 1, 1, 1, 1, 'fdgsd', 1, 1, 63, 5, 1, 22107, 9991535, '1', 6.0, 8.0, NULL),
	(77, '2023-07-03', '04:54:00', '08:08:00', 'fds', 1, 1, 2, 10, 'dfsadf', 1, 1, 65, 4, 1, 22107, 9552589, '5', 4.0, 2.0, NULL),
	(78, '2023-09-03', '05:35:00', '21:35:00', '33333', 1, 1, 5, 44, 'htrrt', 1, 1, 78, 66778, 1, 11011, 10509369, '1', 7.0, 7.0, NULL),
	(79, '2023-08-27', '06:31:00', '07:31:00', 'lugar del otro - ultimo registro de los ultimisisiisisismos', 1, 3, 20, 94, 'errr', 1, 1, 79, 4566, 7, 11021, 80119336, '6', 34.0, 2.0, NULL),
	(80, '2023-08-25', '06:32:00', '00:33:00', 'lugar del otro - ultimo registro de los ultimisisiisisismos', 1, 3, 15, 66, 'ertr', 1, 1, 80, 455, 3, 11005, 15283864, '1', 45.0, 4.0, NULL),
	(81, '2023-08-12', '07:45:00', '21:45:00', 'lugar del otro - ultimo registro de los ultimisisiisisismos', 1, 3, 20, 92, 'rtr', 1, 1, 80, 2334, 1, 11027, 9552589, '3', 43.0, 4.0, NULL),
	(83, '2023-08-26', '06:47:00', '19:47:00', 'lugar del otro - ultimo registro de los ultimisisiisisismos', 1, 3, 19, 89, 'rtt', 1, 1, 91, 2333, 5, 11003, 10509369, '5', 3.0, 4.0, NULL),
	(84, '2023-08-31', '05:52:00', '03:52:00', 'LUIS ROCA DEL RIO', 1, 3, 20, 92, 'rtt', 1, 2, 54, 455, 4, 12008, 22093891, '2', 4.0, 1.0, NULL),
	(85, '2023-08-19', '12:01:00', '23:01:00', 'RINCON DE PIEDRAS', 1, 1, 5, 30, 'rtre', 1, 1, 79, 554, 6, 11024, 80119336, '3', 4.0, 1.0, NULL),
	(86, '2023-08-05', '07:05:00', '21:05:00', 'PEDRO MIOTA', 1, 3, 17, 79, 'desa', 1, 1, 79, 34, 5, 11003, 10528258, '2', 6.0, 8.0, NULL),
	(87, '2023-08-05', '06:07:00', '23:07:00', 'lugar del otro - ultimo registro de los ultimisisiisisismos', 1, 3, 20, 95, 'elultimo 05/08/2023', 1, 1, 66, 454, 7, 11001, 42714733, '4', 53.0, 4.0, NULL),
	(88, '2023-07-27', '06:14:00', '06:14:00', 'santa rosa cuadra 3', 1, 1, 1, 1, 'esta deberia ser opcional', 4, 1, 110, 666, 1, 41005, 6877747, '4', 5.0, 1.0, NULL),
	(90, '2023-08-09', '17:24:00', '20:27:00', 'PEDRO MIOTA', 1, 1, 1, 1, 'ererw', 1, 2, 53, 2345, 5, 12025, 22093891, '2', 12.0, 3.0, NULL);

-- Volcando estructura para tabla centro-control.ruta
CREATE TABLE IF NOT EXISTS `ruta` (
  `id_ruta` int NOT NULL AUTO_INCREMENT,
  `abreviatura` varchar(50) DEFAULT NULL,
  `ruta` varchar(50) DEFAULT NULL,
  `id_tipo` int DEFAULT NULL,
  `id_consorcio` int DEFAULT NULL,
  PRIMARY KEY (`id_ruta`)
) ENGINE=InnoDB DEFAULT CHARSET=utf8mb4 COLLATE=utf8mb4_0900_ai_ci;

-- Volcando datos para la tabla centro-control.ruta: ~154 rows (aproximadamente)
INSERT INTO `ruta` (`id_ruta`, `abreviatura`, `ruta`, `id_tipo`, `id_consorcio`) VALUES
	(1, 'A', 'RUTA A', 1, 3),
	(2, 'B', 'RUTA B', 1, 3),
	(3, 'C', 'RUTA C', 1, 3),
	(4, 'D', 'RUTA D', 1, 3),
	(5, 'L', 'LECHUCERO', 1, 3),
	(6, 'X1', 'EXPRESO 01', 1, 3),
	(7, 'X2', 'EXPRESO 02', 1, 3),
	(8, 'X3', 'EXPRESO 03', 1, 3),
	(9, 'X4', 'EXPRESO 04', 1, 3),
	(10, 'X5', 'EXPRESO 05', 1, 3),
	(11, 'X6', 'EXPRESO 06', 1, 3),
	(12, 'X7', 'EXPRESO 07', 1, 3),
	(13, 'X8', 'EXPRESO 08', 1, 3),
	(14, 'X9', 'EXPRESO 09', 1, 3),
	(15, 'SX', 'SUPER EXPRESO', 1, 3),
	(16, 'SXN', 'SUPER EXPRESO NORTE', 1, 3),
	(17, 'ExtraA', 'EXTRAORDINARIO RUTA A', 1, 3),
	(18, 'ExtraB', 'EXTRAORDINARIO RUTA B', 1, 3),
	(19, 'ExtraC', 'EXTRAORDINARIO RUTA C', 1, 3),
	(20, 'ExtraD', 'EXTRAORDINARIO RUTA D', 1, 3),
	(21, 'ExtraX1', 'EXTRAORDINARIO EXPRESO 01', 1, 3),
	(22, 'ExtraX2', 'EXTRAORDINARIO EXPRESO 02', 1, 3),
	(23, 'ExtraX3', 'EXTRAORDINARIO EXPRESO 03', 1, 3),
	(24, 'ExtraX4', 'EXTRAORDINARIO EXPRESO 04', 1, 3),
	(25, 'ExtraX5', 'EXTRAORDINARIO EXPRESO 05', 1, 3),
	(26, 'ExtraX6', 'EXTRAORDINARIO EXPRESO 06', 1, 3),
	(27, 'ExtraX7', 'EXTRAORDINARIO EXPRESO 07', 1, 3),
	(28, 'ExtraX8', 'EXTRAORDINARIO EXPRESO 08', 1, 3),
	(29, 'ExtraX9', 'EXTRAORDINARIO EXPRESO 09', 1, 3),
	(30, 'ExtraSX', 'EXTRAORDINARIO SUPER EXPRESO', 1, 3),
	(31, 'ExtraSXN', 'EXTRAORDINARIO SUPER EXPRESO NORTE', 1, 3),
	(32, 'S. Ser.', 'SIN SERVICIO', 1, 3),
	(33, 'S. Ser.', 'SIN SERVICIO', 1, 4),
	(34, 'S. Ser.', 'SIN SERVICIO', 1, 2),
	(35, 'S. Ser.', 'SIN SERVICIO', 1, 1),
	(36, 'MAY', 'MAYOLO', 2, 3),
	(37, 'TAH', 'TAHUANTINSUYO', 2, 3),
	(38, 'PAY', 'PAYET', 2, 3),
	(39, 'BER', 'BERTELLO', 2, 3),
	(40, 'LOL', 'LOS OLIVOS', 2, 3),
	(41, 'LAL', 'LOS ALISOS', 2, 4),
	(42, 'IZA', 'IZAGUIRRE', 2, 3),
	(43, 'CAR', 'CARABAYLLO', 2, 4),
	(44, 'COLL', 'COLLIQUE', 2, 4),
	(45, 'MJE', 'MILAGRO DE JESUS', 2, 4),
	(46, 'PUN', 'PUNO', 2, 4),
	(47, 'BEL', 'BELAUNDE', 2, 4),
	(48, 'SDO', 'SANTO DOMINGO', 2, 4),
	(49, 'TUN', 'TUNGASUCA', 2, 2),
	(50, 'TRA', 'TRAPICHE', 2, 2),
	(51, 'ENS', 'ENSENADA', 2, 2),
	(52, 'PPI', 'PUENTE PIEDRA', 2, 1),
	(53, 'CED', 'CEDROS', 2, 1),
	(54, 'AME', 'AMERICA', 2, 1),
	(55, 'PRO', 'PROCERES', 2, 1),
	(56, 'CDP', 'CIRCUITO DE PLAYAS', 2, 1),
	(57, 'VES', 'VILLA EL SALVADOR', 2, 1),
	(58, 'S. Ser.', 'SIN SERVICIO', 2, 3),
	(59, 'S. Ser.', 'SIN SERVICIO', 2, 4),
	(60, 'S. Ser.', 'SIN SERVICIO', 2, 2),
	(61, 'S. Ser.', 'SIN SERVICIO', 2, 1),
	(62, 'A', 'RUTA A', 1, 1),
	(63, 'B', 'RUTA B', 1, 1),
	(64, 'C', 'RUTA C', 1, 1),
	(65, 'D', 'RUTA D', 1, 1),
	(66, 'L', 'LECHUCERO', 1, 1),
	(67, 'X1', 'EXPRESO 01', 1, 1),
	(68, 'X2', 'EXPRESO 02', 1, 1),
	(69, 'X3', 'EXPRESO 03', 1, 1),
	(70, 'X4', 'EXPRESO 04', 1, 1),
	(71, 'X5', 'EXPRESO 05', 1, 1),
	(72, 'X6', 'EXPRESO 06', 1, 1),
	(73, 'X7', 'EXPRESO 07', 1, 1),
	(74, 'X8', 'EXPRESO 08', 1, 1),
	(75, 'X9', 'EXPRESO 09', 1, 1),
	(76, 'SX', 'SUPER EXPRESO', 1, 1),
	(77, 'SXN', 'SUPER EXPRESO NORTE', 1, 1),
	(78, 'ExtraA', 'EXTRAORDINARIO RUTA A', 1, 1),
	(79, 'ExtraB', 'EXTRAORDINARIO RUTA B', 1, 1),
	(80, 'ExtraC', 'EXTRAORDINARIO RUTA C', 1, 1),
	(81, 'ExtraD', 'EXTRAORDINARIO RUTA D', 1, 1),
	(82, 'ExtraX1', 'EXTRAORDINARIO EXPRESO 01', 1, 1),
	(83, 'ExtraX2', 'EXTRAORDINARIO EXPRESO 02', 1, 1),
	(84, 'ExtraX3', 'EXTRAORDINARIO EXPRESO 03', 1, 1),
	(85, 'ExtraX4', 'EXTRAORDINARIO EXPRESO 04', 1, 1),
	(86, 'ExtraX5', 'EXTRAORDINARIO EXPRESO 05', 1, 1),
	(87, 'ExtraX6', 'EXTRAORDINARIO EXPRESO 06', 1, 1),
	(88, 'ExtraX7', 'EXTRAORDINARIO EXPRESO 07', 1, 1),
	(89, 'ExtraX8', 'EXTRAORDINARIO EXPRESO 08', 1, 1),
	(90, 'ExtraX9', 'EXTRAORDINARIO EXPRESO 09', 1, 1),
	(91, 'ExtraSX', 'EXTRAORDINARIO SUPER EXPRESO', 1, 1),
	(92, 'ExtraSXN', 'EXTRAORDINARIO SUPER EXPRESO NORTE', 1, 1),
	(93, 'A', 'RUTA A', 1, 4),
	(94, 'B', 'RUTA B', 1, 4),
	(95, 'C', 'RUTA C', 1, 4),
	(96, 'D', 'RUTA D', 1, 4),
	(97, 'L', 'LECHUCERO', 1, 4),
	(98, 'X1', 'EXPRESO 01', 1, 4),
	(99, 'X2', 'EXPRESO 02', 1, 4),
	(100, 'X3', 'EXPRESO 03', 1, 4),
	(101, 'X4', 'EXPRESO 04', 1, 4),
	(102, 'X5', 'EXPRESO 05', 1, 4),
	(103, 'X6', 'EXPRESO 06', 1, 4),
	(104, 'X7', 'EXPRESO 07', 1, 4),
	(105, 'X8', 'EXPRESO 08', 1, 4),
	(106, 'X9', 'EXPRESO 09', 1, 4),
	(107, 'SX', 'SUPER EXPRESO', 1, 4),
	(108, 'SXN', 'SUPER EXPRESO NORTE', 1, 4),
	(109, 'ExtraA', 'EXTRAORDINARIO RUTA A', 1, 4),
	(110, 'ExtraB', 'EXTRAORDINARIO RUTA B', 1, 4),
	(111, 'ExtraC', 'EXTRAORDINARIO RUTA C', 1, 4),
	(112, 'ExtraD', 'EXTRAORDINARIO RUTA D', 1, 4),
	(113, 'ExtraX1', 'EXTRAORDINARIO EXPRESO 01', 1, 4),
	(114, 'ExtraX2', 'EXTRAORDINARIO EXPRESO 02', 1, 4),
	(115, 'ExtraX3', 'EXTRAORDINARIO EXPRESO 03', 1, 4),
	(116, 'ExtraX4', 'EXTRAORDINARIO EXPRESO 04', 1, 4),
	(117, 'ExtraX5', 'EXTRAORDINARIO EXPRESO 05', 1, 4),
	(118, 'ExtraX6', 'EXTRAORDINARIO EXPRESO 06', 1, 4),
	(119, 'ExtraX7', 'EXTRAORDINARIO EXPRESO 07', 1, 4),
	(120, 'ExtraX8', 'EXTRAORDINARIO EXPRESO 08', 1, 4),
	(121, 'ExtraX9', 'EXTRAORDINARIO EXPRESO 09', 1, 4),
	(122, 'ExtraSX', 'EXTRAORDINARIO SUPER EXPRESO', 1, 4),
	(123, 'ExtraSXN', 'EXTRAORDINARIO SUPER EXPRESO NORTE', 1, 4),
	(124, 'A', 'RUTA A', 1, 2),
	(125, 'B', 'RUTA B', 1, 2),
	(126, 'C', 'RUTA C', 1, 2),
	(127, 'D', 'RUTA D', 1, 2),
	(128, 'L', 'LECHUCERO', 1, 2),
	(129, 'X1', 'EXPRESO 01', 1, 2),
	(130, 'X2', 'EXPRESO 02', 1, 2),
	(131, 'X3', 'EXPRESO 03', 1, 2),
	(132, 'X4', 'EXPRESO 04', 1, 2),
	(133, 'X5', 'EXPRESO 05', 1, 2),
	(134, 'X6', 'EXPRESO 06', 1, 2),
	(135, 'X7', 'EXPRESO 07', 1, 2),
	(136, 'X8', 'EXPRESO 08', 1, 2),
	(137, 'X9', 'EXPRESO 09', 1, 2),
	(138, 'SX', 'SUPER EXPRESO', 1, 2),
	(139, 'SXN', 'SUPER EXPRESO NORTE', 1, 2),
	(140, 'ExtraA', 'EXTRAORDINARIO RUTA A', 1, 2),
	(141, 'ExtraB', 'EXTRAORDINARIO RUTA B', 1, 2),
	(142, 'ExtraC', 'EXTRAORDINARIO RUTA C', 1, 2),
	(143, 'ExtraD', 'EXTRAORDINARIO RUTA D', 1, 2),
	(144, 'ExtraX1', 'EXTRAORDINARIO EXPRESO 01', 1, 2),
	(145, 'ExtraX2', 'EXTRAORDINARIO EXPRESO 02', 1, 2),
	(146, 'ExtraX3', 'EXTRAORDINARIO EXPRESO 03', 1, 2),
	(147, 'ExtraX4', 'EXTRAORDINARIO EXPRESO 04', 1, 2),
	(148, 'ExtraX5', 'EXTRAORDINARIO EXPRESO 05', 1, 2),
	(149, 'ExtraX6', 'EXTRAORDINARIO EXPRESO 06', 1, 2),
	(150, 'ExtraX7', 'EXTRAORDINARIO EXPRESO 07', 1, 2),
	(151, 'ExtraX8', 'EXTRAORDINARIO EXPRESO 08', 1, 2),
	(152, 'ExtraX9', 'EXTRAORDINARIO EXPRESO 09', 1, 2),
	(153, 'ExtraSX', 'EXTRAORDINARIO SUPER EXPRESO', 1, 2),
	(154, 'ExtraSXN', 'EXTRAORDINARIO SUPER EXPRESO NORTE', 1, 2);

-- Volcando estructura para tabla centro-control.sentido
CREATE TABLE IF NOT EXISTS `sentido` (
  `idsentido` int NOT NULL AUTO_INCREMENT,
  `sentido` varchar(50) DEFAULT NULL,
  PRIMARY KEY (`idsentido`)
) ENGINE=InnoDB DEFAULT CHARSET=utf8mb4 COLLATE=utf8mb4_0900_ai_ci;

-- Volcando datos para la tabla centro-control.sentido: ~7 rows (aproximadamente)
INSERT INTO `sentido` (`idsentido`, `sentido`) VALUES
	(1, 'NORTE-SUR'),
	(2, 'SUR-NORTE'),
	(3, 'ESTE-OESTE'),
	(4, 'OESTE-ESTE'),
	(5, 'PUNTO FINAL-TERMINAL'),
	(6, 'TERMINAL-PUNTO FINAL'),
	(7, 'ESTACIONADO SIN SENTIDO');

-- Volcando estructura para tabla centro-control.sub_categoria
CREATE TABLE IF NOT EXISTS `sub_categoria` (
  `id_subcategoria` int NOT NULL AUTO_INCREMENT,
  `sub_categoria` varchar(50) DEFAULT NULL,
  `categoria` varchar(50) DEFAULT NULL,
  PRIMARY KEY (`id_subcategoria`)
) ENGINE=InnoDB DEFAULT CHARSET=utf8mb4 COLLATE=utf8mb4_0900_ai_ci;

-- Volcando datos para la tabla centro-control.sub_categoria: ~25 rows (aproximadamente)
INSERT INTO `sub_categoria` (`id_subcategoria`, `sub_categoria`, `categoria`) VALUES
	(1, 'BUS VARADO', '1'),
	(2, 'INCIDENCIA', '1'),
	(3, 'ACCIDENTES DE BUS COSAC', '1'),
	(4, 'CHOQUE CON VEHICULO MENOR', '1'),
	(5, 'CHOQUE CON VEHICULO MAYOR', '1'),
	(6, 'CHOQUE Y FUGA', '1'),
	(7, 'RECAUDO BUS', '1'),
	(8, 'BUS VARADO', '2'),
	(9, 'INCIDENCIA', '2'),
	(10, 'ACCIDENTES DE BUS COSAC', '2'),
	(11, 'CHOQUE CON VEHICULO MENOR', '2'),
	(12, 'CHOQUE CON VEHICULO MAYOR', '2'),
	(13, 'CHOQUE Y FUGA', '2'),
	(14, 'RECAUDO BUS', '2'),
	(15, 'SEGURIDAD', '3'),
	(16, 'AGRESIONES', '3'),
	(17, 'CHOQUE DE VEHICULO PARTICULAR CONTRA INFRAESTRUCTU', '4'),
	(18, 'VÍA MIXTA ', '4'),
	(19, 'RECAUDO ESTACIÓN', '5'),
	(20, 'TERMINAL / ESTACION', '5'),
	(21, 'USUARIOS', '5'),
	(22, 'REQUERIMIENTO DE USUARIO', '5'),
	(23, 'SEMÁFORO', '5'),
	(24, 'VEHÍCULOS QUE INVADEN COSAC I', '5'),
	(25, 'OTROS CASOS', '6');

-- Volcando estructura para tabla centro-control.tipo
CREATE TABLE IF NOT EXISTS `tipo` (
  `id_tipo` int NOT NULL AUTO_INCREMENT,
  `tipo` varchar(50) CHARACTER SET utf8mb4 COLLATE utf8mb4_0900_ai_ci DEFAULT NULL,
  `abreviatura_tipo` varchar(3) DEFAULT NULL,
  PRIMARY KEY (`id_tipo`)
) ENGINE=InnoDB DEFAULT CHARSET=utf8mb4 COLLATE=utf8mb4_0900_ai_ci;

-- Volcando datos para la tabla centro-control.tipo: ~2 rows (aproximadamente)
INSERT INTO `tipo` (`id_tipo`, `tipo`, `abreviatura_tipo`) VALUES
	(1, 'TRONCAL', 'TRO'),
	(2, 'ALIMENTADOR', 'ALI');

-- Volcando estructura para tabla centro-control.tipo_kilometraje
CREATE TABLE IF NOT EXISTS `tipo_kilometraje` (
  `idtipo_kilometraje` int NOT NULL AUTO_INCREMENT,
  `tipo_kilometraje` varchar(100) DEFAULT NULL,
  PRIMARY KEY (`idtipo_kilometraje`)
) ENGINE=InnoDB DEFAULT CHARSET=utf8mb4 COLLATE=utf8mb4_0900_ai_ci;

-- Volcando datos para la tabla centro-control.tipo_kilometraje: ~6 rows (aproximadamente)
INSERT INTO `tipo_kilometraje` (`idtipo_kilometraje`, `tipo_kilometraje`) VALUES
	(1, 'ADICIONAL'),
	(2, 'ELIMINADO'),
	(3, 'NO EJECUTA'),
	(4, 'DESVIO +'),
	(5, 'DESVIO -'),
	(6, 'OBSERVADO');

-- Volcando estructura para tabla centro-control.usuarios
CREATE TABLE IF NOT EXISTS `usuarios` (
  `id` int NOT NULL AUTO_INCREMENT,
  `nombre` varchar(50) DEFAULT NULL,
  `rol` varchar(50) DEFAULT NULL,
  `contrasena` varchar(255) DEFAULT NULL,
  PRIMARY KEY (`id`)
) ENGINE=InnoDB AUTO_INCREMENT=32 DEFAULT CHARSET=utf8mb4 COLLATE=utf8mb4_0900_ai_ci;

-- Volcando datos para la tabla centro-control.usuarios: ~1 rows (aproximadamente)
INSERT INTO `usuarios` (`id`, `nombre`, `rol`, `contrasena`) VALUES
	(1, 'Javier CGC', 'controlador', '$2y$10$TIA1Hei1p7rXoDKVQ32kjuhoK7AIoiazFCSnBJAXpBHVau4fhNSe6');

/*!40103 SET TIME_ZONE=IFNULL(@OLD_TIME_ZONE, 'system') */;
/*!40101 SET SQL_MODE=IFNULL(@OLD_SQL_MODE, '') */;
/*!40014 SET FOREIGN_KEY_CHECKS=IFNULL(@OLD_FOREIGN_KEY_CHECKS, 1) */;
/*!40101 SET CHARACTER_SET_CLIENT=@OLD_CHARACTER_SET_CLIENT */;
/*!40111 SET SQL_NOTES=IFNULL(@OLD_SQL_NOTES, 1) */;
